file,class,type,cbo,cboModified,fanin,fanout,wmc,dit,noc,rfc,lcom,lcom*,tcc,lcc,totalMethodsQty,staticMethodsQty,publicMethodsQty,privateMethodsQty,protectedMethodsQty,defaultMethodsQty,visibleMethodsQty,abstractMethodsQty,finalMethodsQty,synchronizedMethodsQty,totalFieldsQty,staticFieldsQty,publicFieldsQty,privateFieldsQty,protectedFieldsQty,defaultFieldsQty,finalFieldsQty,synchronizedFieldsQty,nosi,loc,returnQty,loopQty,comparisonsQty,tryCatchQty,parenthesizedExpsQty,stringLiteralsQty,numbersQty,assignmentsQty,mathOperationsQty,variablesQty,maxNestedBlocksQty,anonymousClassesQty,innerClassesQty,lambdasQty,uniqueWordsQty,modifiers,logStatementsQty
/Users/Mac/Downloads/HospitalManagementSystem-master/Hospital Managment System/src/Doctors/viewDoctor.java,Doctors.viewDoctor$Anonymous2,anonymous,1,1,0,1,1,1,0,1,0,0,NaN,NaN,1,0,1,0,0,0,1,0,0,0,0,0,0,0,0,0,0,0,0,5,0,0,0,0,0,0,0,0,0,0,0,0,0,0,6,-1,0
/Users/Mac/Downloads/HospitalManagementSystem-master/Hospital Managment System/src/Doctors/viewDoctor.java,Doctors.viewDoctor$Anonymous1,anonymous,1,1,0,1,1,1,0,1,0,0,NaN,NaN,1,0,1,0,0,0,1,0,0,0,0,0,0,0,0,0,0,0,0,5,0,0,0,0,0,0,0,0,0,0,0,0,0,0,6,-1,0
/Users/Mac/Downloads/HospitalManagementSystem-master/Hospital Managment System/src/Doctors/viewDoctor.java,Doctors.viewDoctor$Anonymous4,anonymous,1,1,0,1,1,1,0,1,0,0,NaN,NaN,1,0,1,0,0,0,1,0,0,0,0,0,0,0,0,0,0,0,0,5,0,0,0,0,0,0,0,0,0,0,0,0,0,0,7,-1,0
/Users/Mac/Downloads/HospitalManagementSystem-master/Hospital Managment System/src/Doctors/viewDoctor.java,Doctors.viewDoctor$Anonymous3,anonymous,1,1,0,1,1,1,0,0,0,0,NaN,NaN,1,0,1,0,0,0,1,0,0,0,1,0,0,0,0,1,0,0,0,6,1,0,0,0,0,0,0,1,0,1,0,0,0,0,7,-1,0
/Users/Mac/Downloads/HospitalManagementSystem-master/Hospital Managment System/src/Receptionists/searchReceptionist.java,Receptionists.searchReceptionist$Anonymous6,anonymous,1,1,0,1,1,1,0,1,0,0,NaN,NaN,1,0,1,0,0,0,1,0,0,0,0,0,0,0,0,0,0,0,0,5,0,0,0,0,0,0,0,0,0,0,0,0,0,0,6,-1,0
/Users/Mac/Downloads/HospitalManagementSystem-master/Hospital Managment System/src/Receptionists/searchReceptionist.java,Receptionists.searchReceptionist$Anonymous5,anonymous,1,1,0,1,1,1,0,1,0,0,NaN,NaN,1,0,1,0,0,0,1,0,0,0,0,0,0,0,0,0,0,0,0,5,0,0,0,0,0,0,0,0,0,0,0,0,0,0,6,-1,0
/Users/Mac/Downloads/HospitalManagementSystem-master/Hospital Managment System/src/Receptionists/searchReceptionist.java,Receptionists.searchReceptionist$Anonymous4,anonymous,1,1,0,1,1,1,0,1,0,0,NaN,NaN,1,0,1,0,0,0,1,0,0,0,0,0,0,0,0,0,0,0,0,5,0,0,0,0,0,0,0,0,0,0,0,0,0,0,7,-1,0
/Users/Mac/Downloads/HospitalManagementSystem-master/Hospital Managment System/src/Main/Doctor.java,Main.Doctor$Anonymous3,anonymous,1,1,0,1,1,1,0,1,0,0,NaN,NaN,1,0,1,0,0,0,1,0,0,0,0,0,0,0,0,0,0,0,0,5,0,0,0,0,0,0,0,0,0,0,0,0,0,0,7,-1,0
/Users/Mac/Downloads/HospitalManagementSystem-master/Hospital Managment System/src/Receptionists/searchReceptionist.java,Receptionists.searchReceptionist$Anonymous3,anonymous,1,1,0,1,1,1,0,1,0,0,NaN,NaN,1,0,1,0,0,0,1,0,0,0,0,0,0,0,0,0,0,0,0,5,0,0,0,0,0,0,0,0,0,0,0,0,0,0,7,-1,0
/Users/Mac/Downloads/HospitalManagementSystem-master/Hospital Managment System/src/Main/Doctor.java,Main.Doctor$Anonymous2,anonymous,1,1,0,1,1,1,0,1,0,0,NaN,NaN,1,0,1,0,0,0,1,0,0,0,0,0,0,0,0,0,0,0,0,5,0,0,0,0,0,0,0,0,0,0,0,0,0,0,7,-1,0
/Users/Mac/Downloads/HospitalManagementSystem-master/Hospital Managment System/src/Receptionists/searchReceptionist.java,Receptionists.searchReceptionist$Anonymous2,anonymous,1,1,0,1,1,1,0,1,0,0,NaN,NaN,1,0,1,0,0,0,1,0,0,0,0,0,0,0,0,0,0,0,0,5,0,0,0,0,0,0,0,0,0,0,0,0,0,0,6,-1,0
/Users/Mac/Downloads/HospitalManagementSystem-master/Hospital Managment System/src/Main/Doctor.java,Main.Doctor$Anonymous1,anonymous,1,1,0,1,1,1,0,1,0,0,NaN,NaN,1,0,1,0,0,0,1,0,0,0,0,0,0,0,0,0,0,0,0,5,0,0,0,0,0,0,0,0,0,0,0,0,0,0,7,-1,0
/Users/Mac/Downloads/HospitalManagementSystem-master/Hospital Managment System/src/Main/Receptionist.java,Main.Receptionist$Anonymous1,anonymous,1,1,0,1,1,1,0,1,0,0,NaN,NaN,1,0,1,0,0,0,1,0,0,0,0,0,0,0,0,0,0,0,0,5,0,0,0,0,0,0,0,0,0,0,0,0,0,0,7,-1,0
/Users/Mac/Downloads/HospitalManagementSystem-master/Hospital Managment System/src/Main/Receptionist.java,Main.Receptionist$Anonymous2,anonymous,1,1,0,1,1,1,0,1,0,0,NaN,NaN,1,0,1,0,0,0,1,0,0,0,0,0,0,0,0,0,0,0,0,5,0,0,0,0,0,0,0,0,0,0,0,0,0,0,7,-1,0
/Users/Mac/Downloads/HospitalManagementSystem-master/Hospital Managment System/src/Main/Receptionist.java,Main.Receptionist$Anonymous3,anonymous,1,1,0,1,1,1,0,1,0,0,NaN,NaN,1,0,1,0,0,0,1,0,0,0,0,0,0,0,0,0,0,0,0,5,0,0,0,0,0,0,0,0,0,0,0,0,0,0,7,-1,0
/Users/Mac/Downloads/HospitalManagementSystem-master/Hospital Managment System/src/Main/Receptionist.java,Main.Receptionist$Anonymous4,anonymous,1,1,0,1,1,1,0,1,0,0,NaN,NaN,1,0,1,0,0,0,1,0,0,0,0,0,0,0,0,0,0,0,0,5,0,0,0,0,0,0,0,0,0,0,0,0,0,0,7,-1,0
/Users/Mac/Downloads/HospitalManagementSystem-master/Hospital Managment System/src/Receptionists/searchReceptionist.java,Receptionists.searchReceptionist$Anonymous1,anonymous,1,1,0,1,1,1,0,1,0,0,NaN,NaN,1,0,1,0,0,0,1,0,0,0,0,0,0,0,0,0,0,0,0,5,0,0,0,0,0,0,0,0,0,0,0,0,0,0,6,-1,0
/Users/Mac/Downloads/HospitalManagementSystem-master/Hospital Managment System/src/Patient/DeletePatient.java,Patient.DeletePatient$Anonymous1,anonymous,1,1,0,1,1,1,0,1,0,0,NaN,NaN,1,0,1,0,0,0,1,0,0,0,0,0,0,0,0,0,0,0,0,5,0,0,0,0,0,0,0,0,0,0,0,0,0,0,6,-1,0
/Users/Mac/Downloads/HospitalManagementSystem-master/Hospital Managment System/src/Receptionists/updateReceptionist.java,Receptionists.updateReceptionist$Anonymous2,anonymous,1,1,0,1,1,1,0,1,0,0,NaN,NaN,1,0,1,0,0,0,1,0,0,0,0,0,0,0,0,0,0,0,0,5,0,0,0,0,0,0,0,0,0,0,0,0,0,0,6,-1,0
/Users/Mac/Downloads/HospitalManagementSystem-master/Hospital Managment System/src/Receptionists/updateReceptionist.java,Receptionists.updateReceptionist$Anonymous1,anonymous,1,1,0,1,1,1,0,1,0,0,NaN,NaN,1,0,1,0,0,0,1,0,0,0,0,0,0,0,0,0,0,0,0,5,0,0,0,0,0,0,0,0,0,0,0,0,0,0,6,-1,0
/Users/Mac/Downloads/HospitalManagementSystem-master/Hospital Managment System/src/Patient/DeletePatient.java,Patient.DeletePatient$Anonymous5,anonymous,1,1,0,1,1,1,0,1,0,0,NaN,NaN,1,0,1,0,0,0,1,0,0,0,0,0,0,0,0,0,0,0,0,5,0,0,0,0,0,0,0,0,0,0,0,0,0,0,6,-1,0
/Users/Mac/Downloads/HospitalManagementSystem-master/Hospital Managment System/src/Patient/DeletePatient.java,Patient.DeletePatient$Anonymous4,anonymous,1,1,0,1,1,1,0,1,0,0,NaN,NaN,1,0,1,0,0,0,1,0,0,0,0,0,0,0,0,0,0,0,0,5,0,0,0,0,0,0,0,0,0,0,0,0,0,0,6,-1,0
/Users/Mac/Downloads/HospitalManagementSystem-master/Hospital Managment System/src/Patient/DeletePatient.java,Patient.DeletePatient$Anonymous3,anonymous,1,1,0,1,1,1,0,1,0,0,NaN,NaN,1,0,1,0,0,0,1,0,0,0,0,0,0,0,0,0,0,0,0,5,0,0,0,0,0,0,0,0,0,0,0,0,0,0,7,-1,0
/Users/Mac/Downloads/HospitalManagementSystem-master/Hospital Managment System/src/Patient/DeletePatient.java,Patient.DeletePatient$Anonymous2,anonymous,1,1,0,1,1,1,0,1,0,0,NaN,NaN,1,0,1,0,0,0,1,0,0,0,0,0,0,0,0,0,0,0,0,5,0,0,0,0,0,0,0,0,0,0,0,0,0,0,6,-1,0
/Users/Mac/Downloads/HospitalManagementSystem-master/Hospital Managment System/src/Receptionists/viewReceptionist.java,Receptionists.viewReceptionist$Anonymous1,anonymous,1,1,0,1,1,1,0,1,0,0,NaN,NaN,1,0,1,0,0,0,1,0,0,0,0,0,0,0,0,0,0,0,0,5,0,0,0,0,0,0,0,0,0,0,0,0,0,0,6,-1,0
/Users/Mac/Downloads/HospitalManagementSystem-master/Hospital Managment System/src/Receptionists/viewReceptionist.java,Receptionists.viewReceptionist$Anonymous2,anonymous,1,1,0,1,1,1,0,1,0,0,NaN,NaN,1,0,1,0,0,0,1,0,0,0,0,0,0,0,0,0,0,0,0,5,0,0,0,0,0,0,0,0,0,0,0,0,0,0,6,-1,0
/Users/Mac/Downloads/HospitalManagementSystem-master/Hospital Managment System/src/Receptionists/choosePatient.java,Receptionists.choosePatient,class,4,14,10,4,16,6,0,62,45,0.87373745,0,0,11,1,2,9,0,0,2,0,0,0,18,0,0,12,0,6,0,0,7,227,0,2,0,3,1,56,94,61,3,35,2,8,0,1,120,1,0
/Users/Mac/Downloads/HospitalManagementSystem-master/Hospital Managment System/src/Main/Admin.java,Main.Admin,class,4,10,6,4,8,6,0,56,15,0.8333334,0,0,6,1,2,4,0,0,2,0,0,0,11,0,0,7,0,4,0,0,6,115,0,0,0,1,0,21,75,21,2,18,2,3,0,1,95,1,0
/Users/Mac/Downloads/HospitalManagementSystem-master/Hospital Managment System/src/Receptionists/viewReceptionist.java,Receptionists.viewReceptionist$Anonymous3,anonymous,1,1,0,1,1,1,0,0,0,0,NaN,NaN,1,0,1,0,0,0,1,0,0,0,1,0,0,0,0,1,0,0,0,6,1,0,0,0,0,0,0,1,0,1,0,0,0,0,7,-1,0
/Users/Mac/Downloads/HospitalManagementSystem-master/Hospital Managment System/src/Receptionists/updateReceptionist.java,Receptionists.updateReceptionist$Anonymous4,anonymous,1,1,0,1,1,1,0,1,0,0,NaN,NaN,1,0,1,0,0,0,1,0,0,0,0,0,0,0,0,0,0,0,0,5,0,0,0,0,0,0,0,0,0,0,0,0,0,0,6,-1,0
/Users/Mac/Downloads/HospitalManagementSystem-master/Hospital Managment System/src/Receptionists/viewReceptionist.java,Receptionists.viewReceptionist$Anonymous4,anonymous,1,1,0,1,1,1,0,1,0,0,NaN,NaN,1,0,1,0,0,0,1,0,0,0,0,0,0,0,0,0,0,0,0,5,0,0,0,0,0,0,0,0,0,0,0,0,0,0,7,-1,0
/Users/Mac/Downloads/HospitalManagementSystem-master/Hospital Managment System/src/Receptionists/updateReceptionist.java,Receptionists.updateReceptionist$Anonymous3,anonymous,1,1,0,1,1,1,0,1,0,0,NaN,NaN,1,0,1,0,0,0,1,0,0,0,0,0,0,0,0,0,0,0,0,5,0,0,0,0,0,0,0,0,0,0,0,0,0,0,7,-1,0
/Users/Mac/Downloads/HospitalManagementSystem-master/Hospital Managment System/src/Receptionists/choosePatient.java,Receptionists.choosePatient$Anonymous1,anonymous,1,1,0,1,1,1,0,1,0,0,NaN,NaN,1,0,1,0,0,0,1,0,0,0,0,0,0,0,0,0,0,0,0,5,0,0,0,0,0,0,0,0,0,0,0,0,0,0,6,-1,0
/Users/Mac/Downloads/HospitalManagementSystem-master/Hospital Managment System/src/Receptionists/choosePatient.java,Receptionists.choosePatient$Anonymous2,anonymous,1,1,0,1,1,1,0,1,0,0,NaN,NaN,1,0,1,0,0,0,1,0,0,0,0,0,0,0,0,0,0,0,0,5,0,0,0,0,0,0,0,0,0,0,0,0,0,0,6,-1,0
/Users/Mac/Downloads/HospitalManagementSystem-master/Hospital Managment System/src/Receptionists/choosePatient.java,Receptionists.choosePatient$Anonymous3,anonymous,1,1,0,1,1,1,0,1,0,0,NaN,NaN,1,0,1,0,0,0,1,0,0,0,0,0,0,0,0,0,0,0,0,5,0,0,0,0,0,0,0,0,0,0,0,0,0,0,7,-1,0
/Users/Mac/Downloads/HospitalManagementSystem-master/Hospital Managment System/src/Receptionists/choosePatient.java,Receptionists.choosePatient$Anonymous4,anonymous,1,1,0,1,1,1,0,1,0,0,NaN,NaN,1,0,1,0,0,0,1,0,0,0,0,0,0,0,0,0,0,0,0,5,0,0,0,0,0,0,0,0,0,0,0,0,0,0,7,-1,0
/Users/Mac/Downloads/HospitalManagementSystem-master/Hospital Managment System/src/Receptionists/choosePatient.java,Receptionists.choosePatient$Anonymous5,anonymous,1,1,0,1,1,1,0,1,0,0,NaN,NaN,1,0,1,0,0,0,1,0,0,0,0,0,0,0,0,0,0,0,0,5,0,0,0,0,0,0,0,0,0,0,0,0,0,0,6,-1,0
/Users/Mac/Downloads/HospitalManagementSystem-master/Hospital Managment System/src/Receptionists/choosePatient.java,Receptionists.choosePatient$Anonymous6,anonymous,1,1,0,1,1,1,0,1,0,0,NaN,NaN,1,0,1,0,0,0,1,0,0,0,0,0,0,0,0,0,0,0,0,5,0,0,0,0,0,0,0,0,0,0,0,0,0,0,6,-1,0
/Users/Mac/Downloads/HospitalManagementSystem-master/Hospital Managment System/src/Receptionists/addReceptionist.java,Receptionists.addReceptionist,class,4,24,20,4,27,6,0,65,229,0.9520202,0,0,22,1,2,20,0,0,2,0,0,0,36,0,0,33,0,3,0,0,7,375,0,1,2,2,0,53,248,63,0,57,3,18,0,1,116,1,0
/Users/Mac/Downloads/HospitalManagementSystem-master/Hospital Managment System/src/Receptionists/choosePatient.java,Receptionists.choosePatient$Anonymous7,anonymous,1,1,0,1,1,1,0,1,0,0,NaN,NaN,1,0,1,0,0,0,1,0,0,0,0,0,0,0,0,0,0,0,0,5,0,0,0,0,0,0,0,0,0,0,0,0,0,0,6,-1,0
/Users/Mac/Downloads/HospitalManagementSystem-master/Hospital Managment System/src/Receptionists/choosePatient.java,Receptionists.choosePatient$Anonymous8,anonymous,1,1,0,1,1,1,0,1,0,0,NaN,NaN,1,0,1,0,0,0,1,0,0,0,0,0,0,0,0,0,0,0,0,5,0,0,0,0,0,0,0,0,0,0,0,0,0,0,7,-1,0
/Users/Mac/Downloads/HospitalManagementSystem-master/Hospital Managment System/src/Doctors/deleteDoctor.java,Doctors.deleteDoctor$Anonymous3,anonymous,1,1,0,1,1,1,0,1,0,0,NaN,NaN,1,0,1,0,0,0,1,0,0,0,0,0,0,0,0,0,0,0,0,5,0,0,0,0,0,0,0,0,0,0,0,0,0,0,7,-1,0
/Users/Mac/Downloads/HospitalManagementSystem-master/Hospital Managment System/src/Doctors/deleteDoctor.java,Doctors.deleteDoctor$Anonymous4,anonymous,1,1,0,1,1,1,0,0,0,0,NaN,NaN,1,0,1,0,0,0,1,0,0,0,1,0,0,0,0,1,0,0,0,6,1,0,0,0,0,0,0,1,0,1,0,0,0,0,7,-1,0
/Users/Mac/Downloads/HospitalManagementSystem-master/Hospital Managment System/src/Doctors/deleteDoctor.java,Doctors.deleteDoctor$Anonymous1,anonymous,1,1,0,1,1,1,0,1,0,0,NaN,NaN,1,0,1,0,0,0,1,0,0,0,0,0,0,0,0,0,0,0,0,5,0,0,0,0,0,0,0,0,0,0,0,0,0,0,6,-1,0
/Users/Mac/Downloads/HospitalManagementSystem-master/Hospital Managment System/src/Doctors/deleteDoctor.java,Doctors.deleteDoctor$Anonymous2,anonymous,1,1,0,1,1,1,0,1,0,0,NaN,NaN,1,0,1,0,0,0,1,0,0,0,0,0,0,0,0,0,0,0,0,5,0,0,0,0,0,0,0,0,0,0,0,0,0,0,6,-1,0
/Users/Mac/Downloads/HospitalManagementSystem-master/Hospital Managment System/src/Doctors/deleteDoctor.java,Doctors.deleteDoctor$Anonymous5,anonymous,1,1,0,1,1,1,0,1,0,0,NaN,NaN,1,0,1,0,0,0,1,0,0,0,0,0,0,0,0,0,0,0,0,5,0,0,0,0,0,0,0,0,0,0,0,0,0,0,6,-1,0
/Users/Mac/Downloads/HospitalManagementSystem-master/Hospital Managment System/src/Doctors/deleteDoctor.java,Doctors.deleteDoctor$Anonymous6,anonymous,1,1,0,1,1,1,0,1,0,0,NaN,NaN,1,0,1,0,0,0,1,0,0,0,0,0,0,0,0,0,0,0,0,5,0,0,0,0,0,0,0,0,0,0,0,0,0,0,6,-1,0
/Users/Mac/Downloads/HospitalManagementSystem-master/Hospital Managment System/src/Doctors/updateDoctor.java,Doctors.updateDoctor,class,4,10,6,4,11,6,0,57,20,0.79910713,0.33333334,0.33333334,8,1,3,5,0,0,3,0,0,0,28,0,0,9,0,19,0,0,9,196,0,1,0,2,14,73,71,71,1,53,2,4,0,1,111,1,0
/Users/Mac/Downloads/HospitalManagementSystem-master/Hospital Managment System/src/Admins/ReceptionistManagement.java,Admins.ReceptionistManagement,class,8,27,19,8,15,6,0,41,105,0.9333331,0,0,15,1,2,13,0,0,2,0,0,0,23,0,0,23,0,0,0,0,1,280,0,0,0,0,0,29,153,44,0,44,1,12,0,1,62,1,0
/Users/Mac/Downloads/HospitalManagementSystem-master/Hospital Managment System/src/Patient/updatePatient.java,Patient.updatePatient$Anonymous1,anonymous,1,1,0,1,1,1,0,1,0,0,NaN,NaN,1,0,1,0,0,0,1,0,0,0,0,0,0,0,0,0,0,0,0,5,0,0,0,0,0,0,0,0,0,0,0,0,0,0,6,-1,0
/Users/Mac/Downloads/HospitalManagementSystem-master/Hospital Managment System/src/Patient/updatePatient.java,Patient.updatePatient$Anonymous2,anonymous,1,1,0,1,1,1,0,1,0,0,NaN,NaN,1,0,1,0,0,0,1,0,0,0,0,0,0,0,0,0,0,0,0,5,0,0,0,0,0,0,0,0,0,0,0,0,0,0,6,-1,0
/Users/Mac/Downloads/HospitalManagementSystem-master/Hospital Managment System/src/Patient/updatePatient.java,Patient.updatePatient$Anonymous3,anonymous,1,1,0,1,1,1,0,1,0,0,NaN,NaN,1,0,1,0,0,0,1,0,0,0,0,0,0,0,0,0,0,0,0,5,0,0,0,0,0,0,0,0,0,0,0,0,0,0,7,-1,0
/Users/Mac/Downloads/HospitalManagementSystem-master/Hospital Managment System/src/Receptionists/ReceptionistActivity.java,Receptionists.ReceptionistActivity,class,5,19,14,5,11,6,0,40,55,0.9090908,0,0,11,1,2,9,0,0,2,0,0,0,19,1,1,18,0,0,0,0,1,209,0,0,0,0,0,24,126,33,0,34,1,8,0,1,66,1,0
/Users/Mac/Downloads/HospitalManagementSystem-master/Hospital Managment System/src/Patient/updatePatient.java,Patient.updatePatient$Anonymous4,anonymous,1,1,0,1,1,1,0,1,0,0,NaN,NaN,1,0,1,0,0,0,1,0,0,0,0,0,0,0,0,0,0,0,0,5,0,0,0,0,0,0,0,0,0,0,0,0,0,0,6,-1,0
/Users/Mac/Downloads/HospitalManagementSystem-master/Hospital Managment System/src/Patient/viewPatient.java,Patient.viewPatient$Anonymous1,anonymous,1,1,0,1,1,1,0,1,0,0,NaN,NaN,1,0,1,0,0,0,1,0,0,0,0,0,0,0,0,0,0,0,0,5,0,0,0,0,0,0,0,0,0,0,0,0,0,0,6,-1,0
/Users/Mac/Downloads/HospitalManagementSystem-master/Hospital Managment System/src/Main/Hospital.java,Main.Hospital$Anonymous1,anonymous,1,1,0,1,1,1,0,1,0,0,NaN,NaN,1,0,1,0,0,0,1,0,0,0,0,0,0,0,0,0,0,0,0,5,0,0,0,0,0,0,0,0,0,0,0,0,0,0,6,-1,0
/Users/Mac/Downloads/HospitalManagementSystem-master/Hospital Managment System/src/Main/Hospital.java,Main.Hospital$Anonymous3,anonymous,1,1,0,1,1,1,0,1,0,0,NaN,NaN,1,0,1,0,0,0,1,0,0,0,0,0,0,0,0,0,0,0,0,5,0,0,0,0,0,0,0,0,0,0,0,0,0,0,6,-1,0
/Users/Mac/Downloads/HospitalManagementSystem-master/Hospital Managment System/src/Patient/viewPatient.java,Patient.viewPatient$Anonymous2,anonymous,1,1,0,1,1,1,0,1,0,0,NaN,NaN,1,0,1,0,0,0,1,0,0,0,0,0,0,0,0,0,0,0,0,5,0,0,0,0,0,0,0,0,0,0,0,0,0,0,6,-1,0
/Users/Mac/Downloads/HospitalManagementSystem-master/Hospital Managment System/src/Main/Hospital.java,Main.Hospital$Anonymous2,anonymous,1,1,0,1,1,1,0,1,0,0,NaN,NaN,1,0,1,0,0,0,1,0,0,0,0,0,0,0,0,0,0,0,0,5,0,0,0,0,0,0,0,0,0,0,0,0,0,0,6,-1,0
/Users/Mac/Downloads/HospitalManagementSystem-master/Hospital Managment System/src/Main/Hospital.java,Main.Hospital$Anonymous5,anonymous,1,1,0,1,1,1,0,1,0,0,NaN,NaN,1,0,1,0,0,0,1,0,0,0,0,0,0,0,0,0,0,0,0,5,0,0,0,0,0,0,0,0,0,0,0,0,0,0,6,-1,0
/Users/Mac/Downloads/HospitalManagementSystem-master/Hospital Managment System/src/Main/Hospital.java,Main.Hospital$Anonymous4,anonymous,1,1,0,1,1,1,0,1,0,0,NaN,NaN,1,0,1,0,0,0,1,0,0,0,0,0,0,0,0,0,0,0,0,5,0,0,0,0,0,0,0,0,0,0,0,0,0,0,6,-1,0
/Users/Mac/Downloads/HospitalManagementSystem-master/Hospital Managment System/src/Main/Hospital.java,Main.Hospital$Anonymous6,anonymous,1,1,0,1,1,1,0,1,0,0,NaN,NaN,1,0,1,0,0,0,1,0,0,0,0,0,0,0,0,0,0,0,0,5,0,0,0,0,0,0,0,0,0,0,0,0,0,0,6,-1,0
/Users/Mac/Downloads/HospitalManagementSystem-master/Hospital Managment System/src/Doctors/addDoctor.java,Doctors.addDoctor$Anonymous2,anonymous,1,1,0,1,1,1,0,1,0,0,NaN,NaN,1,0,1,0,0,0,1,0,0,0,0,0,0,0,0,0,0,0,0,5,0,0,0,0,0,0,0,0,0,0,0,0,0,0,6,-1,0
/Users/Mac/Downloads/HospitalManagementSystem-master/Hospital Managment System/src/Doctors/addDoctor.java,Doctors.addDoctor$Anonymous1,anonymous,1,1,0,1,1,1,0,1,0,0,NaN,NaN,1,0,1,0,0,0,1,0,0,0,0,0,0,0,0,0,0,0,0,5,0,0,0,0,0,0,0,0,0,0,0,0,0,0,6,-1,0
/Users/Mac/Downloads/HospitalManagementSystem-master/Hospital Managment System/src/Doctors/addDoctor.java,Doctors.addDoctor$Anonymous4,anonymous,1,1,0,1,1,1,0,1,0,0,NaN,NaN,1,0,1,0,0,0,1,0,0,0,0,0,0,0,0,0,0,0,0,5,0,0,0,0,0,0,0,0,0,0,0,0,0,0,7,-1,0
/Users/Mac/Downloads/HospitalManagementSystem-master/Hospital Managment System/src/Doctors/addDoctor.java,Doctors.addDoctor$Anonymous3,anonymous,1,1,0,1,1,1,0,1,0,0,NaN,NaN,1,0,1,0,0,0,1,0,0,0,0,0,0,0,0,0,0,0,0,5,0,0,0,0,0,0,0,0,0,0,0,0,0,0,7,-1,0
/Users/Mac/Downloads/HospitalManagementSystem-master/Hospital Managment System/src/Doctors/addDoctor.java,Doctors.addDoctor$Anonymous6,anonymous,1,1,0,1,1,1,0,1,0,0,NaN,NaN,1,0,1,0,0,0,1,0,0,0,0,0,0,0,0,0,0,0,0,5,0,0,0,0,0,0,0,0,0,0,0,0,0,0,7,-1,0
/Users/Mac/Downloads/HospitalManagementSystem-master/Hospital Managment System/src/Doctors/addDoctor.java,Doctors.addDoctor$Anonymous5,anonymous,1,1,0,1,1,1,0,1,0,0,NaN,NaN,1,0,1,0,0,0,1,0,0,0,0,0,0,0,0,0,0,0,0,5,0,0,0,0,0,0,0,0,0,0,0,0,0,0,7,-1,0
/Users/Mac/Downloads/HospitalManagementSystem-master/Hospital Managment System/src/Doctors/addDoctor.java,Doctors.addDoctor$Anonymous8,anonymous,1,1,0,1,1,1,0,1,0,0,NaN,NaN,1,0,1,0,0,0,1,0,0,0,0,0,0,0,0,0,0,0,0,5,0,0,0,0,0,0,0,0,0,0,0,0,0,0,7,-1,0
/Users/Mac/Downloads/HospitalManagementSystem-master/Hospital Managment System/src/Doctors/addDoctor.java,Doctors.addDoctor$Anonymous7,anonymous,1,1,0,1,1,1,0,1,0,0,NaN,NaN,1,0,1,0,0,0,1,0,0,0,0,0,0,0,0,0,0,0,0,5,0,0,0,0,0,0,0,0,0,0,0,0,0,0,7,-1,0
/Users/Mac/Downloads/HospitalManagementSystem-master/Hospital Managment System/src/Doctors/addDoctor.java,Doctors.addDoctor$Anonymous9,anonymous,1,1,0,1,1,1,0,1,0,0,NaN,NaN,1,0,1,0,0,0,1,0,0,0,0,0,0,0,0,0,0,0,0,5,0,0,0,0,0,0,0,0,0,0,0,0,0,0,7,-1,0
/Users/Mac/Downloads/HospitalManagementSystem-master/Hospital Managment System/src/Doctors/doctorActivity.java,Doctors.doctorActivity,class,4,11,7,4,16,6,0,55,16,0.8235294,0,0,8,1,2,5,0,1,3,0,0,0,17,0,1,12,0,4,0,0,11,184,0,1,0,3,0,27,85,37,2,30,3,4,0,1,88,1,0
/Users/Mac/Downloads/HospitalManagementSystem-master/Hospital Managment System/src/Admins/AdminActivity.java,Admins.AdminActivity$Anonymous6,anonymous,1,1,0,1,1,1,0,1,0,0,NaN,NaN,1,0,1,0,0,0,1,0,0,0,0,0,0,0,0,0,0,0,0,5,0,0,0,0,0,0,0,0,0,0,0,0,0,0,6,-1,0
/Users/Mac/Downloads/HospitalManagementSystem-master/Hospital Managment System/src/Admins/AdminActivity.java,Admins.AdminActivity$Anonymous5,anonymous,1,1,0,1,1,1,0,1,0,0,NaN,NaN,1,0,1,0,0,0,1,0,0,0,0,0,0,0,0,0,0,0,0,5,0,0,0,0,0,0,0,0,0,0,0,0,0,0,6,-1,0
/Users/Mac/Downloads/HospitalManagementSystem-master/Hospital Managment System/src/Admins/AdminActivity.java,Admins.AdminActivity$Anonymous8,anonymous,1,1,0,1,1,1,0,1,0,0,NaN,NaN,1,0,1,0,0,0,1,0,0,0,0,0,0,0,0,0,0,0,0,5,0,0,0,0,0,0,0,0,0,0,0,0,0,0,6,-1,0
/Users/Mac/Downloads/HospitalManagementSystem-master/Hospital Managment System/src/Admins/AdminActivity.java,Admins.AdminActivity$Anonymous7,anonymous,1,1,0,1,1,1,0,1,0,0,NaN,NaN,1,0,1,0,0,0,1,0,0,0,0,0,0,0,0,0,0,0,0,5,0,0,0,0,0,0,0,0,0,0,0,0,0,0,6,-1,0
/Users/Mac/Downloads/HospitalManagementSystem-master/Hospital Managment System/src/Admins/AdminActivity.java,Admins.AdminActivity$Anonymous2,anonymous,1,1,0,1,1,1,0,1,0,0,NaN,NaN,1,0,1,0,0,0,1,0,0,0,0,0,0,0,0,0,0,0,0,5,0,0,0,0,0,0,0,0,0,0,0,0,0,0,6,-1,0
/Users/Mac/Downloads/HospitalManagementSystem-master/Hospital Managment System/src/Admins/AdminActivity.java,Admins.AdminActivity$Anonymous1,anonymous,1,1,0,1,1,1,0,1,0,0,NaN,NaN,1,0,1,0,0,0,1,0,0,0,0,0,0,0,0,0,0,0,0,5,0,0,0,0,0,0,0,0,0,0,0,0,0,0,5,-1,0
/Users/Mac/Downloads/HospitalManagementSystem-master/Hospital Managment System/src/Admins/AdminActivity.java,Admins.AdminActivity$Anonymous4,anonymous,1,1,0,1,1,1,0,1,0,0,NaN,NaN,1,0,1,0,0,0,1,0,0,0,0,0,0,0,0,0,0,0,0,5,0,0,0,0,0,0,0,0,0,0,0,0,0,0,6,-1,0
/Users/Mac/Downloads/HospitalManagementSystem-master/Hospital Managment System/src/Admins/AdminActivity.java,Admins.AdminActivity$Anonymous3,anonymous,1,1,0,1,1,1,0,1,0,0,NaN,NaN,1,0,1,0,0,0,1,0,0,0,0,0,0,0,0,0,0,0,0,5,0,0,0,0,0,0,0,0,0,0,0,0,0,0,6,-1,0
/Users/Mac/Downloads/HospitalManagementSystem-master/Hospital Managment System/src/Admins/doctorManagement.java,Admins.doctorManagement$Anonymous12,anonymous,1,1,0,1,1,1,0,1,0,0,NaN,NaN,1,0,1,0,0,0,1,0,0,0,0,0,0,0,0,0,0,0,0,5,0,0,0,0,0,0,0,0,0,0,0,0,0,0,6,-1,0
/Users/Mac/Downloads/HospitalManagementSystem-master/Hospital Managment System/src/Doctors/Appointment.java,Doctors.Appointment,class,5,11,6,5,8,6,0,47,19,0.8487393,0,0,7,1,3,4,0,0,3,0,0,0,17,0,0,13,0,4,0,0,4,147,0,0,0,1,0,31,99,31,1,28,1,3,0,1,90,1,0
/Users/Mac/Downloads/HospitalManagementSystem-master/Hospital Managment System/src/Admins/doctorManagement.java,Admins.doctorManagement$Anonymous13,anonymous,1,1,0,1,1,1,0,1,0,0,NaN,NaN,1,0,1,0,0,0,1,0,0,0,0,0,0,0,0,0,0,0,0,5,0,0,0,0,0,0,0,0,0,0,0,0,0,0,6,-1,0
/Users/Mac/Downloads/HospitalManagementSystem-master/Hospital Managment System/src/Admins/doctorManagement.java,Admins.doctorManagement$Anonymous10,anonymous,1,1,0,1,1,1,0,1,0,0,NaN,NaN,1,0,1,0,0,0,1,0,0,0,0,0,0,0,0,0,0,0,0,5,0,0,0,0,0,0,0,0,0,0,0,0,0,0,6,-1,0
/Users/Mac/Downloads/HospitalManagementSystem-master/Hospital Managment System/src/Admins/doctorManagement.java,Admins.doctorManagement$Anonymous11,anonymous,1,1,0,1,1,1,0,1,0,0,NaN,NaN,1,0,1,0,0,0,1,0,0,0,0,0,0,0,0,0,0,0,0,5,0,0,0,0,0,0,0,0,0,0,0,0,0,0,6,-1,0
/Users/Mac/Downloads/HospitalManagementSystem-master/Hospital Managment System/src/Doctors/patientDetails.java,Doctors.patientDetails$Anonymous2,anonymous,1,1,0,1,1,1,0,1,0,0,NaN,NaN,1,0,1,0,0,0,1,0,0,0,0,0,0,0,0,0,0,0,0,5,0,0,0,0,0,0,0,0,0,0,0,0,0,0,6,-1,0
/Users/Mac/Downloads/HospitalManagementSystem-master/Hospital Managment System/src/Doctors/patientDetails.java,Doctors.patientDetails$Anonymous1,anonymous,1,1,0,1,1,1,0,1,0,0,NaN,NaN,1,0,1,0,0,0,1,0,0,0,0,0,0,0,0,0,0,0,0,5,0,0,0,0,0,0,0,0,0,0,0,0,0,0,6,-1,0
/Users/Mac/Downloads/HospitalManagementSystem-master/Hospital Managment System/src/Doctors/Appointment.java,Doctors.Appointment$Anonymous2,anonymous,1,1,0,1,1,1,0,1,0,0,NaN,NaN,1,0,1,0,0,0,1,0,0,0,0,0,0,0,0,0,0,0,0,5,0,0,0,0,0,0,0,0,0,0,0,0,0,0,6,-1,0
/Users/Mac/Downloads/HospitalManagementSystem-master/Hospital Managment System/src/Doctors/Appointment.java,Doctors.Appointment$Anonymous3,anonymous,1,1,0,1,1,1,0,1,0,0,NaN,NaN,1,0,1,0,0,0,1,0,0,0,0,0,0,0,0,0,0,0,0,5,0,0,0,0,0,0,0,0,0,0,0,0,0,0,6,-1,0
/Users/Mac/Downloads/HospitalManagementSystem-master/Hospital Managment System/src/Doctors/Appointment.java,Doctors.Appointment$Anonymous1,anonymous,1,1,0,1,1,1,0,1,0,0,NaN,NaN,1,0,1,0,0,0,1,0,0,0,0,0,0,0,0,0,0,0,0,5,0,0,0,0,0,0,0,0,0,0,0,0,0,0,6,-1,0
/Users/Mac/Downloads/HospitalManagementSystem-master/Hospital Managment System/src/Doctors/viewDoctor.java,Doctors.viewDoctor,class,4,9,5,4,14,6,0,56,15,0.79761904,0.33333334,0.33333334,7,1,3,4,0,0,3,0,0,0,12,0,0,8,0,4,0,0,7,195,0,3,0,3,0,72,70,74,0,25,3,4,0,1,74,1,0
/Users/Mac/Downloads/HospitalManagementSystem-master/Hospital Managment System/src/Doctors/searchDoctor.java,Doctors.searchDoctor$Anonymous2,anonymous,1,1,0,1,1,1,0,1,0,0,NaN,NaN,1,0,1,0,0,0,1,0,0,0,0,0,0,0,0,0,0,0,0,5,0,0,0,0,0,0,0,0,0,0,0,0,0,0,6,-1,0
/Users/Mac/Downloads/HospitalManagementSystem-master/Hospital Managment System/src/Doctors/searchDoctor.java,Doctors.searchDoctor$Anonymous3,anonymous,1,1,0,1,1,1,0,1,0,0,NaN,NaN,1,0,1,0,0,0,1,0,0,0,0,0,0,0,0,0,0,0,0,5,0,0,0,0,0,0,0,0,0,0,0,0,0,0,7,-1,0
/Users/Mac/Downloads/HospitalManagementSystem-master/Hospital Managment System/src/Doctors/searchDoctor.java,Doctors.searchDoctor$Anonymous4,anonymous,1,1,0,1,1,1,0,1,0,0,NaN,NaN,1,0,1,0,0,0,1,0,0,0,0,0,0,0,0,0,0,0,0,5,0,0,0,0,0,0,0,0,0,0,0,0,0,0,7,-1,0
/Users/Mac/Downloads/HospitalManagementSystem-master/Hospital Managment System/src/Doctors/searchDoctor.java,Doctors.searchDoctor$Anonymous5,anonymous,1,1,0,1,1,1,0,1,0,0,NaN,NaN,1,0,1,0,0,0,1,0,0,0,0,0,0,0,0,0,0,0,0,5,0,0,0,0,0,0,0,0,0,0,0,0,0,0,6,-1,0
/Users/Mac/Downloads/HospitalManagementSystem-master/Hospital Managment System/src/Doctors/searchDoctor.java,Doctors.searchDoctor$Anonymous6,anonymous,1,1,0,1,1,1,0,1,0,0,NaN,NaN,1,0,1,0,0,0,1,0,0,0,0,0,0,0,0,0,0,0,0,5,0,0,0,0,0,0,0,0,0,0,0,0,0,0,6,-1,0
/Users/Mac/Downloads/HospitalManagementSystem-master/Hospital Managment System/src/Receptionists/newPatient.java,Receptionists.newPatient$Anonymous2,anonymous,1,1,0,1,1,1,0,1,0,0,NaN,NaN,1,0,1,0,0,0,1,0,0,0,0,0,0,0,0,0,0,0,0,5,0,0,0,0,0,0,0,0,0,0,0,0,0,0,6,-1,0
/Users/Mac/Downloads/HospitalManagementSystem-master/Hospital Managment System/src/Receptionists/newPatient.java,Receptionists.newPatient$Anonymous3,anonymous,1,1,0,1,1,1,0,1,0,0,NaN,NaN,1,0,1,0,0,0,1,0,0,0,0,0,0,0,0,0,0,0,0,5,0,0,0,0,0,0,0,0,0,0,0,0,0,0,7,-1,0
/Users/Mac/Downloads/HospitalManagementSystem-master/Hospital Managment System/src/Doctors/addDoctor.java,Doctors.addDoctor$Anonymous10,anonymous,1,1,0,1,1,1,0,1,0,0,NaN,NaN,1,0,1,0,0,0,1,0,0,0,0,0,0,0,0,0,0,0,0,5,0,0,0,0,0,0,0,0,0,0,0,0,0,0,7,-1,0
/Users/Mac/Downloads/HospitalManagementSystem-master/Hospital Managment System/src/Receptionists/addReceptionist.java,Receptionists.addReceptionist$Anonymous10,anonymous,1,1,0,1,1,1,0,1,0,0,NaN,NaN,1,0,1,0,0,0,1,0,0,0,0,0,0,0,0,0,0,0,0,5,0,0,0,0,0,0,0,0,0,0,0,0,0,0,7,-1,0
/Users/Mac/Downloads/HospitalManagementSystem-master/Hospital Managment System/src/Doctors/addDoctor.java,Doctors.addDoctor$Anonymous11,anonymous,1,1,0,1,1,1,0,1,0,0,NaN,NaN,1,0,1,0,0,0,1,0,0,0,0,0,0,0,0,0,0,0,0,5,0,0,0,0,0,0,0,0,0,0,0,0,0,0,7,-1,0
/Users/Mac/Downloads/HospitalManagementSystem-master/Hospital Managment System/src/Receptionists/newPatient.java,Receptionists.newPatient$Anonymous1,anonymous,1,1,0,1,1,1,0,1,0,0,NaN,NaN,1,0,1,0,0,0,1,0,0,0,0,0,0,0,0,0,0,0,0,5,0,0,0,0,0,0,0,0,0,0,0,0,0,0,6,-1,0
/Users/Mac/Downloads/HospitalManagementSystem-master/Hospital Managment System/src/Receptionists/addReceptionist.java,Receptionists.addReceptionist$Anonymous11,anonymous,1,1,0,1,1,1,0,1,0,0,NaN,NaN,1,0,1,0,0,0,1,0,0,0,0,0,0,0,0,0,0,0,0,5,0,0,0,0,0,0,0,0,0,0,0,0,0,0,7,-1,0
/Users/Mac/Downloads/HospitalManagementSystem-master/Hospital Managment System/src/Patient/addPatient.java,Patient.addPatient$Anonymous9,anonymous,1,1,0,1,1,1,0,1,0,0,NaN,NaN,1,0,1,0,0,0,1,0,0,0,0,0,0,0,0,0,0,0,0,5,0,0,0,0,0,0,0,0,0,0,0,0,0,0,7,-1,0
/Users/Mac/Downloads/HospitalManagementSystem-master/Hospital Managment System/src/Patient/addPatient.java,Patient.addPatient$Anonymous8,anonymous,1,1,0,1,1,1,0,1,0,0,NaN,NaN,1,0,1,0,0,0,1,0,0,0,0,0,0,0,0,0,0,0,0,5,0,0,0,0,0,0,0,0,0,0,0,0,0,0,7,-1,0
/Users/Mac/Downloads/HospitalManagementSystem-master/Hospital Managment System/src/Patient/addPatient.java,Patient.addPatient$Anonymous7,anonymous,1,1,0,1,1,1,0,1,0,0,NaN,NaN,1,0,1,0,0,0,1,0,0,0,0,0,0,0,0,0,0,0,0,5,0,0,0,0,0,0,0,0,0,0,0,0,0,0,7,-1,0
/Users/Mac/Downloads/HospitalManagementSystem-master/Hospital Managment System/src/Patient/addPatient.java,Patient.addPatient$Anonymous6,anonymous,1,1,0,1,1,1,0,1,0,0,NaN,NaN,1,0,1,0,0,0,1,0,0,0,0,0,0,0,0,0,0,0,0,5,0,0,0,0,0,0,0,0,0,0,0,0,0,0,7,-1,0
/Users/Mac/Downloads/HospitalManagementSystem-master/Hospital Managment System/src/Patient/patientActivity.java,Patient.patientActivity,class,8,27,19,8,15,6,0,39,105,0.93333304,0,0,15,1,2,13,0,0,2,0,0,0,25,0,0,25,0,0,0,0,1,288,0,0,0,0,0,29,144,47,0,47,1,12,0,1,72,1,0
/Users/Mac/Downloads/HospitalManagementSystem-master/Hospital Managment System/src/Admins/doctorManagement.java,Admins.doctorManagement,class,8,28,20,8,17,6,0,42,134,0.9389143,0,0,17,1,3,14,0,0,3,0,0,0,26,1,1,25,0,0,0,0,1,304,0,0,0,0,0,31,168,48,0,48,1,13,0,1,72,1,0
/Users/Mac/Downloads/HospitalManagementSystem-master/Hospital Managment System/src/Doctors/searchDoctor.java,Doctors.searchDoctor$Anonymous1,anonymous,1,1,0,1,1,1,0,1,0,0,NaN,NaN,1,0,1,0,0,0,1,0,0,0,0,0,0,0,0,0,0,0,0,5,0,0,0,0,0,0,0,0,0,0,0,0,0,0,6,-1,0
/Users/Mac/Downloads/HospitalManagementSystem-master/Hospital Managment System/src/Doctors/addDoctor.java,Doctors.addDoctor$Anonymous12,anonymous,1,1,0,1,1,1,0,1,0,0,NaN,NaN,1,0,1,0,0,0,1,0,0,0,0,0,0,0,0,0,0,0,0,5,0,0,0,0,0,0,0,0,0,0,0,0,0,0,6,-1,0
/Users/Mac/Downloads/HospitalManagementSystem-master/Hospital Managment System/src/Receptionists/newPatient.java,Receptionists.newPatient$Anonymous6,anonymous,1,1,0,1,1,1,0,1,0,0,NaN,NaN,1,0,1,0,0,0,1,0,0,0,0,0,0,0,0,0,0,0,0,5,0,0,0,0,0,0,0,0,0,0,0,0,0,0,7,-1,0
/Users/Mac/Downloads/HospitalManagementSystem-master/Hospital Managment System/src/Receptionists/addReceptionist.java,Receptionists.addReceptionist$Anonymous12,anonymous,1,1,0,1,1,1,0,1,0,0,NaN,NaN,1,0,1,0,0,0,1,0,0,0,0,0,0,0,0,0,0,0,0,5,0,0,0,0,0,0,0,0,0,0,0,0,0,0,7,-1,0
/Users/Mac/Downloads/HospitalManagementSystem-master/Hospital Managment System/src/Doctors/addDoctor.java,Doctors.addDoctor$Anonymous13,anonymous,1,1,0,1,1,1,0,1,0,0,NaN,NaN,1,0,1,0,0,0,1,0,0,0,0,0,0,0,0,0,0,0,0,5,0,0,0,0,0,0,0,0,0,0,0,0,0,0,6,-1,0
/Users/Mac/Downloads/HospitalManagementSystem-master/Hospital Managment System/src/Receptionists/newPatient.java,Receptionists.newPatient$Anonymous7,anonymous,1,1,0,1,1,1,0,1,0,0,NaN,NaN,1,0,1,0,0,0,1,0,0,0,0,0,0,0,0,0,0,0,0,5,0,0,0,0,0,0,0,0,0,0,0,0,0,0,7,-1,0
/Users/Mac/Downloads/HospitalManagementSystem-master/Hospital Managment System/src/Receptionists/addReceptionist.java,Receptionists.addReceptionist$Anonymous13,anonymous,1,1,0,1,1,1,0,1,0,0,NaN,NaN,1,0,1,0,0,0,1,0,0,0,0,0,0,0,0,0,0,0,0,5,0,0,0,0,0,0,0,0,0,0,0,0,0,0,6,-1,0
/Users/Mac/Downloads/HospitalManagementSystem-master/Hospital Managment System/src/Doctors/addDoctor.java,Doctors.addDoctor$Anonymous14,anonymous,1,1,0,1,1,1,0,1,0,0,NaN,NaN,1,0,1,0,0,0,1,0,0,0,0,0,0,0,0,0,0,0,0,5,0,0,0,0,0,0,0,0,0,0,0,0,0,0,7,-1,0
/Users/Mac/Downloads/HospitalManagementSystem-master/Hospital Managment System/src/Receptionists/newPatient.java,Receptionists.newPatient$Anonymous4,anonymous,1,1,0,1,1,1,0,1,0,0,NaN,NaN,1,0,1,0,0,0,1,0,0,0,0,0,0,0,0,0,0,0,0,5,0,0,0,0,0,0,0,0,0,0,0,0,0,0,7,-1,0
/Users/Mac/Downloads/HospitalManagementSystem-master/Hospital Managment System/src/Receptionists/addReceptionist.java,Receptionists.addReceptionist$Anonymous14,anonymous,1,1,0,1,1,1,0,1,0,0,NaN,NaN,1,0,1,0,0,0,1,0,0,0,0,0,0,0,0,0,0,0,0,5,0,0,0,0,0,0,0,0,0,0,0,0,0,0,6,-1,0
/Users/Mac/Downloads/HospitalManagementSystem-master/Hospital Managment System/src/Doctors/addDoctor.java,Doctors.addDoctor$Anonymous15,anonymous,1,1,0,1,1,1,0,1,0,0,NaN,NaN,1,0,1,0,0,0,1,0,0,0,0,0,0,0,0,0,0,0,0,5,0,0,0,0,0,0,0,0,0,0,0,0,0,0,7,-1,0
/Users/Mac/Downloads/HospitalManagementSystem-master/Hospital Managment System/src/Receptionists/newPatient.java,Receptionists.newPatient$Anonymous5,anonymous,1,1,0,1,1,1,0,1,0,0,NaN,NaN,1,0,1,0,0,0,1,0,0,0,0,0,0,0,0,0,0,0,0,5,0,0,0,0,0,0,0,0,0,0,0,0,0,0,7,-1,0
/Users/Mac/Downloads/HospitalManagementSystem-master/Hospital Managment System/src/Receptionists/addReceptionist.java,Receptionists.addReceptionist$Anonymous15,anonymous,1,1,0,1,1,1,0,1,0,0,NaN,NaN,1,0,1,0,0,0,1,0,0,0,0,0,0,0,0,0,0,0,0,5,0,0,0,0,0,0,0,0,0,0,0,0,0,0,6,-1,0
/Users/Mac/Downloads/HospitalManagementSystem-master/Hospital Managment System/src/Doctors/addDoctor.java,Doctors.addDoctor$Anonymous16,anonymous,1,1,0,1,1,1,0,1,0,0,NaN,NaN,1,0,1,0,0,0,1,0,0,0,0,0,0,0,0,0,0,0,0,5,0,0,0,0,0,0,0,0,0,0,0,0,0,0,7,-1,0
/Users/Mac/Downloads/HospitalManagementSystem-master/Hospital Managment System/src/Receptionists/addReceptionist.java,Receptionists.addReceptionist$Anonymous16,anonymous,1,1,0,1,1,1,0,1,0,0,NaN,NaN,1,0,1,0,0,0,1,0,0,0,0,0,0,0,0,0,0,0,0,5,0,0,0,0,0,0,0,0,0,0,0,0,0,0,6,-1,0
/Users/Mac/Downloads/HospitalManagementSystem-master/Hospital Managment System/src/Receptionists/addReceptionist.java,Receptionists.addReceptionist$Anonymous17,anonymous,1,1,0,1,1,1,0,1,0,0,NaN,NaN,1,0,1,0,0,0,1,0,0,0,0,0,0,0,0,0,0,0,0,5,0,0,0,0,0,0,0,0,0,0,0,0,0,0,7,-1,0
/Users/Mac/Downloads/HospitalManagementSystem-master/Hospital Managment System/src/Receptionists/newPatient.java,Receptionists.newPatient$Anonymous8,anonymous,1,1,0,1,1,1,0,1,0,0,NaN,NaN,1,0,1,0,0,0,1,0,0,0,0,0,0,0,0,0,0,0,0,5,0,0,0,0,0,0,0,0,0,0,0,0,0,0,7,-1,0
/Users/Mac/Downloads/HospitalManagementSystem-master/Hospital Managment System/src/Receptionists/addReceptionist.java,Receptionists.addReceptionist$Anonymous18,anonymous,1,1,0,1,1,1,0,1,0,0,NaN,NaN,1,0,1,0,0,0,1,0,0,0,0,0,0,0,0,0,0,0,0,5,0,0,0,0,0,0,0,0,0,0,0,0,0,0,7,-1,0
/Users/Mac/Downloads/HospitalManagementSystem-master/Hospital Managment System/src/Receptionists/newPatient.java,Receptionists.newPatient$Anonymous9,anonymous,1,1,0,1,1,1,0,1,0,0,NaN,NaN,1,0,1,0,0,0,1,0,0,0,0,0,0,0,0,0,0,0,0,5,0,0,0,0,0,0,0,0,0,0,0,0,0,0,7,-1,0
/Users/Mac/Downloads/HospitalManagementSystem-master/Hospital Managment System/src/Receptionists/viewReceptionist.java,Receptionists.viewReceptionist,class,4,9,5,4,14,6,0,56,15,0.79761904,0.33333334,0.33333334,7,1,3,4,0,0,3,0,1,0,12,0,0,8,0,4,0,0,7,189,0,3,0,3,0,64,64,68,0,25,3,4,0,1,72,1,0
/Users/Mac/Downloads/HospitalManagementSystem-master/Hospital Managment System/src/Doctors/searchDoctor.java,Doctors.searchDoctor,class,4,12,8,4,11,6,0,56,34,0.8809525,0,0,9,1,2,7,0,0,2,0,0,0,14,0,0,10,0,4,0,0,3,159,0,1,0,1,0,44,63,40,1,24,2,6,0,1,98,1,0
/Users/Mac/Downloads/HospitalManagementSystem-master/Hospital Managment System/src/Admins/AdminActivity.java,Admins.AdminActivity,class,7,20,13,7,12,6,0,42,66,0.9212964,0,0,12,1,3,9,0,0,3,0,0,0,18,0,0,16,0,2,0,0,1,205,0,0,0,0,0,22,139,32,0,32,1,8,0,1,74,1,0
/Users/Mac/Downloads/HospitalManagementSystem-master/Hospital Managment System/src/Patient/DeletePatient.java,Patient.DeletePatient,class,4,11,7,4,13,6,0,58,24,0.8370372,0.33333334,0.33333334,9,1,3,6,0,0,3,0,0,0,15,0,0,11,0,4,0,0,9,182,0,1,0,3,0,51,67,45,6,28,2,5,0,1,87,1,0
/Users/Mac/Downloads/HospitalManagementSystem-master/Hospital Managment System/src/Receptionists/chooseDoctor.java,Receptionists.chooseDoctor,class,5,14,9,5,13,6,0,58,30,0.8562093,0,0,9,1,2,7,0,0,2,0,0,0,17,0,0,13,0,4,0,0,6,214,0,2,0,2,1,71,101,69,2,35,2,6,0,1,94,1,0
/Users/Mac/Downloads/HospitalManagementSystem-master/Hospital Managment System/src/Receptionists/deleteReceptionist.java,Receptionists.deleteReceptionist,class,4,11,7,4,12,6,0,58,30,0.857143,0.33333334,0.33333334,9,1,3,6,0,0,3,0,0,0,14,0,0,10,0,4,0,0,6,170,0,1,0,2,0,45,58,41,3,25,2,6,0,1,83,1,0
/Users/Mac/Downloads/HospitalManagementSystem-master/Hospital Managment System/src/Admins/ReceptionistManagement.java,Admins.ReceptionistManagement$Anonymous2,anonymous,1,1,0,1,1,1,0,1,0,0,NaN,NaN,1,0,1,0,0,0,1,0,0,0,0,0,0,0,0,0,0,0,0,5,0,0,0,0,0,0,0,0,0,0,0,0,0,0,6,-1,0
/Users/Mac/Downloads/HospitalManagementSystem-master/Hospital Managment System/src/Patient/searchPatient.java,Patient.searchPatient$Anonymous3,anonymous,1,1,0,1,1,1,0,1,0,0,NaN,NaN,1,0,1,0,0,0,1,0,0,0,0,0,0,0,0,0,0,0,0,5,0,0,0,0,0,0,0,0,0,0,0,0,0,0,7,-1,0
/Users/Mac/Downloads/HospitalManagementSystem-master/Hospital Managment System/src/Admins/ReceptionistManagement.java,Admins.ReceptionistManagement$Anonymous1,anonymous,1,1,0,1,1,1,0,1,0,0,NaN,NaN,1,0,1,0,0,0,1,0,0,0,0,0,0,0,0,0,0,0,0,5,0,0,0,0,0,0,0,0,0,0,0,0,0,0,6,-1,0
/Users/Mac/Downloads/HospitalManagementSystem-master/Hospital Managment System/src/Patient/searchPatient.java,Patient.searchPatient$Anonymous4,anonymous,1,1,0,1,1,1,0,1,0,0,NaN,NaN,1,0,1,0,0,0,1,0,0,0,0,0,0,0,0,0,0,0,0,5,0,0,0,0,0,0,0,0,0,0,0,0,0,0,7,-1,0
/Users/Mac/Downloads/HospitalManagementSystem-master/Hospital Managment System/src/Admins/ReceptionistManagement.java,Admins.ReceptionistManagement$Anonymous4,anonymous,1,1,0,1,1,1,0,1,0,0,NaN,NaN,1,0,1,0,0,0,1,0,0,0,0,0,0,0,0,0,0,0,0,5,0,0,0,0,0,0,0,0,0,0,0,0,0,0,6,-1,0
/Users/Mac/Downloads/HospitalManagementSystem-master/Hospital Managment System/src/Patient/patientActivity.java,Patient.patientActivity$Anonymous10,anonymous,1,1,0,1,1,1,0,1,0,0,NaN,NaN,1,0,1,0,0,0,1,0,0,0,0,0,0,0,0,0,0,0,0,5,0,0,0,0,0,0,0,0,0,0,0,0,0,0,6,-1,0
/Users/Mac/Downloads/HospitalManagementSystem-master/Hospital Managment System/src/Patient/searchPatient.java,Patient.searchPatient$Anonymous1,anonymous,1,1,0,1,1,1,0,1,0,0,NaN,NaN,1,0,1,0,0,0,1,0,0,0,0,0,0,0,0,0,0,0,0,5,0,0,0,0,0,0,0,0,0,0,0,0,0,0,6,-1,0
/Users/Mac/Downloads/HospitalManagementSystem-master/Hospital Managment System/src/Admins/ReceptionistManagement.java,Admins.ReceptionistManagement$Anonymous3,anonymous,1,1,0,1,1,1,0,1,0,0,NaN,NaN,1,0,1,0,0,0,1,0,0,0,0,0,0,0,0,0,0,0,0,5,0,0,0,0,0,0,0,0,0,0,0,0,0,0,6,-1,0
/Users/Mac/Downloads/HospitalManagementSystem-master/Hospital Managment System/src/Patient/searchPatient.java,Patient.searchPatient$Anonymous2,anonymous,1,1,0,1,1,1,0,1,0,0,NaN,NaN,1,0,1,0,0,0,1,0,0,0,0,0,0,0,0,0,0,0,0,5,0,0,0,0,0,0,0,0,0,0,0,0,0,0,6,-1,0
/Users/Mac/Downloads/HospitalManagementSystem-master/Hospital Managment System/src/Admins/ReceptionistManagement.java,Admins.ReceptionistManagement$Anonymous6,anonymous,1,1,0,1,1,1,0,1,0,0,NaN,NaN,1,0,1,0,0,0,1,0,0,0,0,0,0,0,0,0,0,0,0,5,0,0,0,0,0,0,0,0,0,0,0,0,0,0,6,-1,0
/Users/Mac/Downloads/HospitalManagementSystem-master/Hospital Managment System/src/Patient/patientActivity.java,Patient.patientActivity$Anonymous12,anonymous,1,1,0,1,1,1,0,1,0,0,NaN,NaN,1,0,1,0,0,0,1,0,0,0,0,0,0,0,0,0,0,0,0,5,0,0,0,0,0,0,0,0,0,0,0,0,0,0,6,-1,0
/Users/Mac/Downloads/HospitalManagementSystem-master/Hospital Managment System/src/Admins/ReceptionistManagement.java,Admins.ReceptionistManagement$Anonymous5,anonymous,1,1,0,1,1,1,0,1,0,0,NaN,NaN,1,0,1,0,0,0,1,0,0,0,0,0,0,0,0,0,0,0,0,5,0,0,0,0,0,0,0,0,0,0,0,0,0,0,6,-1,0
/Users/Mac/Downloads/HospitalManagementSystem-master/Hospital Managment System/src/Patient/patientActivity.java,Patient.patientActivity$Anonymous11,anonymous,1,1,0,1,1,1,0,1,0,0,NaN,NaN,1,0,1,0,0,0,1,0,0,0,0,0,0,0,0,0,0,0,0,5,0,0,0,0,0,0,0,0,0,0,0,0,0,0,6,-1,0
/Users/Mac/Downloads/HospitalManagementSystem-master/Hospital Managment System/src/Admins/ReceptionistManagement.java,Admins.ReceptionistManagement$Anonymous8,anonymous,1,1,0,1,1,1,0,1,0,0,NaN,NaN,1,0,1,0,0,0,1,0,0,0,0,0,0,0,0,0,0,0,0,5,0,0,0,0,0,0,0,0,0,0,0,0,0,0,6,-1,0
/Users/Mac/Downloads/HospitalManagementSystem-master/Hospital Managment System/src/Admins/ReceptionistManagement.java,Admins.ReceptionistManagement$Anonymous7,anonymous,1,1,0,1,1,1,0,1,0,0,NaN,NaN,1,0,1,0,0,0,1,0,0,0,0,0,0,0,0,0,0,0,0,5,0,0,0,0,0,0,0,0,0,0,0,0,0,0,6,-1,0
/Users/Mac/Downloads/HospitalManagementSystem-master/Hospital Managment System/src/Admins/ReceptionistManagement.java,Admins.ReceptionistManagement$Anonymous9,anonymous,1,1,0,1,1,1,0,1,0,0,NaN,NaN,1,0,1,0,0,0,1,0,0,0,0,0,0,0,0,0,0,0,0,5,0,0,0,0,0,0,0,0,0,0,0,0,0,0,6,-1,0
/Users/Mac/Downloads/HospitalManagementSystem-master/Hospital Managment System/src/Patient/searchPatient.java,Patient.searchPatient$Anonymous5,anonymous,1,1,0,1,1,1,0,1,0,0,NaN,NaN,1,0,1,0,0,0,1,0,0,0,0,0,0,0,0,0,0,0,0,5,0,0,0,0,0,0,0,0,0,0,0,0,0,0,6,-1,0
/Users/Mac/Downloads/HospitalManagementSystem-master/Hospital Managment System/src/Patient/searchPatient.java,Patient.searchPatient$Anonymous6,anonymous,1,1,0,1,1,1,0,1,0,0,NaN,NaN,1,0,1,0,0,0,1,0,0,0,0,0,0,0,0,0,0,0,0,5,0,0,0,0,0,0,0,0,0,0,0,0,0,0,6,-1,0
/Users/Mac/Downloads/HospitalManagementSystem-master/Hospital Managment System/src/Receptionists/ReceptionistActivity.java,Receptionists.ReceptionistActivity$Anonymous6,anonymous,1,1,0,1,1,1,0,1,0,0,NaN,NaN,1,0,1,0,0,0,1,0,0,0,0,0,0,0,0,0,0,0,0,5,0,0,0,0,0,0,0,0,0,0,0,0,0,0,6,-1,0
/Users/Mac/Downloads/HospitalManagementSystem-master/Hospital Managment System/src/Receptionists/ReceptionistActivity.java,Receptionists.ReceptionistActivity$Anonymous5,anonymous,1,1,0,1,1,1,0,1,0,0,NaN,NaN,1,0,1,0,0,0,1,0,0,0,0,0,0,0,0,0,0,0,0,5,0,0,0,0,0,0,0,0,0,0,0,0,0,0,6,-1,0
/Users/Mac/Downloads/HospitalManagementSystem-master/Hospital Managment System/src/Receptionists/ReceptionistActivity.java,Receptionists.ReceptionistActivity$Anonymous8,anonymous,1,1,0,1,1,1,0,1,0,0,NaN,NaN,1,0,1,0,0,0,1,0,0,0,0,0,0,0,0,0,0,0,0,5,0,0,0,0,0,0,0,0,0,0,0,0,0,0,6,-1,0
/Users/Mac/Downloads/HospitalManagementSystem-master/Hospital Managment System/src/Receptionists/ReceptionistActivity.java,Receptionists.ReceptionistActivity$Anonymous7,anonymous,1,1,0,1,1,1,0,1,0,0,NaN,NaN,1,0,1,0,0,0,1,0,0,0,0,0,0,0,0,0,0,0,0,5,0,0,0,0,0,0,0,0,0,0,0,0,0,0,6,-1,0
/Users/Mac/Downloads/HospitalManagementSystem-master/Hospital Managment System/src/Receptionists/ReceptionistActivity.java,Receptionists.ReceptionistActivity$Anonymous2,anonymous,1,1,0,1,1,1,0,1,0,0,NaN,NaN,1,0,1,0,0,0,1,0,0,0,0,0,0,0,0,0,0,0,0,5,0,0,0,0,0,0,0,0,0,0,0,0,0,0,6,-1,0
/Users/Mac/Downloads/HospitalManagementSystem-master/Hospital Managment System/src/Receptionists/ReceptionistActivity.java,Receptionists.ReceptionistActivity$Anonymous1,anonymous,1,1,0,1,1,1,0,1,0,0,NaN,NaN,1,0,1,0,0,0,1,0,0,0,0,0,0,0,0,0,0,0,0,5,0,0,0,0,0,0,0,0,0,0,0,0,0,0,6,-1,0
/Users/Mac/Downloads/HospitalManagementSystem-master/Hospital Managment System/src/Doctors/patientDetails.java,Doctors.patientDetails,class,4,8,4,4,9,6,0,51,15,0.8181818,0.16666667,0.16666667,7,1,4,3,0,0,4,0,0,0,11,0,0,6,0,5,0,0,3,109,0,1,0,1,0,33,31,32,1,19,2,2,0,1,74,17,0
/Users/Mac/Downloads/HospitalManagementSystem-master/Hospital Managment System/src/Receptionists/ReceptionistActivity.java,Receptionists.ReceptionistActivity$Anonymous4,anonymous,1,1,0,1,1,1,0,1,0,0,NaN,NaN,1,0,1,0,0,0,1,0,0,0,0,0,0,0,0,0,0,0,0,5,0,0,0,0,0,0,0,0,0,0,0,0,0,0,6,-1,0
/Users/Mac/Downloads/HospitalManagementSystem-master/Hospital Managment System/src/Receptionists/ReceptionistActivity.java,Receptionists.ReceptionistActivity$Anonymous3,anonymous,1,1,0,1,1,1,0,1,0,0,NaN,NaN,1,0,1,0,0,0,1,0,0,0,0,0,0,0,0,0,0,0,0,5,0,0,0,0,0,0,0,0,0,0,0,0,0,0,6,-1,0
/Users/Mac/Downloads/HospitalManagementSystem-master/Hospital Managment System/src/Doctors/deleteDoctor.java,Doctors.deleteDoctor,class,4,11,7,4,13,6,0,58,24,0.83703715,0.33333334,0.33333334,9,1,3,6,0,0,3,0,0,0,15,0,0,11,0,4,0,0,9,191,0,1,0,3,0,57,72,48,6,28,2,6,0,1,86,1,0
/Users/Mac/Downloads/HospitalManagementSystem-master/Hospital Managment System/src/Patient/addPatient.java,Patient.addPatient$Anonymous1,anonymous,1,1,0,1,1,1,0,1,0,0,NaN,NaN,1,0,1,0,0,0,1,0,0,0,0,0,0,0,0,0,0,0,0,5,0,0,0,0,0,0,0,0,0,0,0,0,0,0,6,-1,0
/Users/Mac/Downloads/HospitalManagementSystem-master/Hospital Managment System/src/Patient/addPatient.java,Patient.addPatient$Anonymous16,anonymous,1,1,0,1,1,1,0,1,0,0,NaN,NaN,1,0,1,0,0,0,1,0,0,0,0,0,0,0,0,0,0,0,0,5,0,0,0,0,0,0,0,0,0,0,0,0,0,0,6,-1,0
/Users/Mac/Downloads/HospitalManagementSystem-master/Hospital Managment System/src/Patient/addPatient.java,Patient.addPatient$Anonymous5,anonymous,1,1,0,1,1,1,0,1,0,0,NaN,NaN,1,0,1,0,0,0,1,0,0,0,0,0,0,0,0,0,0,0,0,5,0,0,0,0,0,0,0,0,0,0,0,0,0,0,7,-1,0
/Users/Mac/Downloads/HospitalManagementSystem-master/Hospital Managment System/src/Patient/addPatient.java,Patient.addPatient$Anonymous15,anonymous,1,1,0,1,1,1,0,1,0,0,NaN,NaN,1,0,1,0,0,0,1,0,0,0,0,0,0,0,0,0,0,0,0,5,0,0,0,0,0,0,0,0,0,0,0,0,0,0,6,-1,0
/Users/Mac/Downloads/HospitalManagementSystem-master/Hospital Managment System/src/Patient/addPatient.java,Patient.addPatient$Anonymous4,anonymous,1,1,0,1,1,1,0,1,0,0,NaN,NaN,1,0,1,0,0,0,1,0,0,0,0,0,0,0,0,0,0,0,0,5,0,0,0,0,0,0,0,0,0,0,0,0,0,0,7,-1,0
/Users/Mac/Downloads/HospitalManagementSystem-master/Hospital Managment System/src/Patient/addPatient.java,Patient.addPatient$Anonymous14,anonymous,1,1,0,1,1,1,0,1,0,0,NaN,NaN,1,0,1,0,0,0,1,0,0,0,0,0,0,0,0,0,0,0,0,5,0,0,0,0,0,0,0,0,0,0,0,0,0,0,6,-1,0
/Users/Mac/Downloads/HospitalManagementSystem-master/Hospital Managment System/src/Patient/addPatient.java,Patient.addPatient$Anonymous3,anonymous,1,1,0,1,1,1,0,1,0,0,NaN,NaN,1,0,1,0,0,0,1,0,0,0,0,0,0,0,0,0,0,0,0,5,0,0,0,0,0,0,0,0,0,0,0,0,0,0,7,-1,0
/Users/Mac/Downloads/HospitalManagementSystem-master/Hospital Managment System/src/Patient/addPatient.java,Patient.addPatient$Anonymous13,anonymous,1,1,0,1,1,1,0,1,0,0,NaN,NaN,1,0,1,0,0,0,1,0,0,0,0,0,0,0,0,0,0,0,0,5,0,0,0,0,0,0,0,0,0,0,0,0,0,0,6,-1,0
/Users/Mac/Downloads/HospitalManagementSystem-master/Hospital Managment System/src/Patient/addPatient.java,Patient.addPatient$Anonymous2,anonymous,1,1,0,1,1,1,0,1,0,0,NaN,NaN,1,0,1,0,0,0,1,0,0,0,0,0,0,0,0,0,0,0,0,5,0,0,0,0,0,0,0,0,0,0,0,0,0,0,6,-1,0
/Users/Mac/Downloads/HospitalManagementSystem-master/Hospital Managment System/src/Patient/addPatient.java,Patient.addPatient$Anonymous12,anonymous,1,1,0,1,1,1,0,1,0,0,NaN,NaN,1,0,1,0,0,0,1,0,0,0,0,0,0,0,0,0,0,0,0,5,0,0,0,0,0,0,0,0,0,0,0,0,0,0,7,-1,0
/Users/Mac/Downloads/HospitalManagementSystem-master/Hospital Managment System/src/Patient/updatePatient.java,Patient.updatePatient,class,4,10,6,4,17,6,0,65,20,0.79545456,0.33333334,0.33333334,8,1,3,5,0,0,3,0,0,0,22,0,0,8,0,14,0,0,15,195,0,2,0,3,9,60,55,58,1,43,3,4,0,1,105,1,0
/Users/Mac/Downloads/HospitalManagementSystem-master/Hospital Managment System/src/Patient/addPatient.java,Patient.addPatient$Anonymous11,anonymous,1,1,0,1,1,1,0,1,0,0,NaN,NaN,1,0,1,0,0,0,1,0,0,0,0,0,0,0,0,0,0,0,0,5,0,0,0,0,0,0,0,0,0,0,0,0,0,0,7,-1,0
/Users/Mac/Downloads/HospitalManagementSystem-master/Hospital Managment System/src/Patient/addPatient.java,Patient.addPatient$Anonymous10,anonymous,1,1,0,1,1,1,0,1,0,0,NaN,NaN,1,0,1,0,0,0,1,0,0,0,0,0,0,0,0,0,0,0,0,5,0,0,0,0,0,0,0,0,0,0,0,0,0,0,7,-1,0
/Users/Mac/Downloads/HospitalManagementSystem-master/Hospital Managment System/src/Doctors/addDoctor.java,Doctors.addDoctor,class,4,22,18,4,25,6,0,64,188,0.9475613,0,0,20,1,2,18,0,0,2,0,0,0,41,0,0,38,0,3,0,0,10,391,0,1,2,2,0,69,317,72,0,66,3,16,0,1,116,1,0
/Users/Mac/Downloads/HospitalManagementSystem-master/Hospital Managment System/src/Main/Receptionist.java,Main.Receptionist,class,4,10,6,4,9,6,0,54,21,0.8571428,0,0,7,1,2,5,0,0,2,0,0,0,11,0,0,7,0,4,0,0,6,121,0,0,0,1,0,21,69,22,2,18,2,4,0,1,70,1,0
/Users/Mac/Downloads/HospitalManagementSystem-master/Hospital Managment System/src/Doctors/doctorActivity.java,Doctors.doctorActivity$Anonymous4,anonymous,1,1,0,1,1,1,0,1,0,0,NaN,NaN,1,0,1,0,0,0,1,0,0,0,0,0,0,0,0,0,0,0,0,5,0,0,0,0,0,0,0,0,0,0,0,0,0,0,6,-1,0
/Users/Mac/Downloads/HospitalManagementSystem-master/Hospital Managment System/src/Doctors/doctorActivity.java,Doctors.doctorActivity$Anonymous3,anonymous,1,1,0,1,1,1,0,1,0,0,NaN,NaN,1,0,1,0,0,0,1,0,0,0,0,0,0,0,0,0,0,0,0,5,0,0,0,0,0,0,0,0,0,0,0,0,0,0,6,-1,0
/Users/Mac/Downloads/HospitalManagementSystem-master/Hospital Managment System/src/Doctors/doctorActivity.java,Doctors.doctorActivity$Anonymous2,anonymous,1,1,0,1,1,1,0,1,0,0,NaN,NaN,1,0,1,0,0,0,1,0,0,0,0,0,0,0,0,0,0,0,0,5,0,0,0,0,0,0,0,0,0,0,0,0,0,0,6,-1,0
/Users/Mac/Downloads/HospitalManagementSystem-master/Hospital Managment System/src/Doctors/doctorActivity.java,Doctors.doctorActivity$Anonymous1,anonymous,1,1,0,1,1,1,0,1,0,0,NaN,NaN,1,0,1,0,0,0,1,0,0,0,0,0,0,0,0,0,0,0,0,5,0,0,0,0,0,0,0,0,0,0,0,0,0,0,6,-1,0
/Users/Mac/Downloads/HospitalManagementSystem-master/Hospital Managment System/src/Receptionists/newPatient.java,Receptionists.newPatient$Anonymous16,anonymous,1,1,0,1,1,1,0,1,0,0,NaN,NaN,1,0,1,0,0,0,1,0,0,0,0,0,0,0,0,0,0,0,0,5,0,0,0,0,0,0,0,0,0,0,0,0,0,0,6,-1,0
/Users/Mac/Downloads/HospitalManagementSystem-master/Hospital Managment System/src/Receptionists/deleteReceptionist.java,Receptionists.deleteReceptionist$Anonymous4,anonymous,1,1,0,1,1,1,0,0,0,0,NaN,NaN,1,0,1,0,0,0,1,0,0,0,1,0,0,0,0,1,0,0,0,6,1,0,0,0,0,0,0,1,0,1,0,0,0,0,7,-1,0
/Users/Mac/Downloads/HospitalManagementSystem-master/Hospital Managment System/src/Receptionists/chooseDoctor.java,Receptionists.chooseDoctor$Anonymous5,anonymous,1,1,0,1,1,1,0,1,0,0,NaN,NaN,1,0,1,0,0,0,1,0,0,0,0,0,0,0,0,0,0,0,0,5,0,0,0,0,0,0,0,0,0,0,0,0,0,0,6,-1,0
/Users/Mac/Downloads/HospitalManagementSystem-master/Hospital Managment System/src/Receptionists/newPatient.java,Receptionists.newPatient$Anonymous15,anonymous,1,1,0,1,1,1,0,1,0,0,NaN,NaN,1,0,1,0,0,0,1,0,0,0,0,0,0,0,0,0,0,0,0,5,0,0,0,0,0,0,0,0,0,0,0,0,0,0,6,-1,0
/Users/Mac/Downloads/HospitalManagementSystem-master/Hospital Managment System/src/Receptionists/deleteReceptionist.java,Receptionists.deleteReceptionist$Anonymous3,anonymous,1,1,0,1,1,1,0,1,0,0,NaN,NaN,1,0,1,0,0,0,1,0,0,0,0,0,0,0,0,0,0,0,0,5,0,0,0,0,0,0,0,0,0,0,0,0,0,0,7,-1,0
/Users/Mac/Downloads/HospitalManagementSystem-master/Hospital Managment System/src/Receptionists/chooseDoctor.java,Receptionists.chooseDoctor$Anonymous6,anonymous,1,1,0,1,1,1,0,1,0,0,NaN,NaN,1,0,1,0,0,0,1,0,0,0,0,0,0,0,0,0,0,0,0,5,0,0,0,0,0,0,0,0,0,0,0,0,0,0,7,-1,0
/Users/Mac/Downloads/HospitalManagementSystem-master/Hospital Managment System/src/Receptionists/deleteReceptionist.java,Receptionists.deleteReceptionist$Anonymous2,anonymous,1,1,0,1,1,1,0,1,0,0,NaN,NaN,1,0,1,0,0,0,1,0,0,0,0,0,0,0,0,0,0,0,0,5,0,0,0,0,0,0,0,0,0,0,0,0,0,0,6,-1,0
/Users/Mac/Downloads/HospitalManagementSystem-master/Hospital Managment System/src/Receptionists/deleteReceptionist.java,Receptionists.deleteReceptionist$Anonymous1,anonymous,1,1,0,1,1,1,0,1,0,0,NaN,NaN,1,0,1,0,0,0,1,0,0,0,0,0,0,0,0,0,0,0,0,5,0,0,0,0,0,0,0,0,0,0,0,0,0,0,6,-1,0
/Users/Mac/Downloads/HospitalManagementSystem-master/Hospital Managment System/src/Receptionists/newPatient.java,Receptionists.newPatient$Anonymous12,anonymous,1,1,0,1,1,1,0,1,0,0,NaN,NaN,1,0,1,0,0,0,1,0,0,0,0,0,0,0,0,0,0,0,0,5,0,0,0,0,0,0,0,0,0,0,0,0,0,0,7,-1,0
/Users/Mac/Downloads/HospitalManagementSystem-master/Hospital Managment System/src/Receptionists/patientManagement.java,Receptionists.patientManagement,class,4,13,9,4,22,6,0,70,33,0.84511787,0.33333334,0.33333334,11,1,3,8,0,0,3,0,0,0,27,0,0,12,0,15,0,0,21,272,0,2,0,5,9,77,85,71,7,53,3,7,0,1,138,1,0
/Users/Mac/Downloads/HospitalManagementSystem-master/Hospital Managment System/src/Receptionists/newPatient.java,Receptionists.newPatient$Anonymous11,anonymous,1,1,0,1,1,1,0,1,0,0,NaN,NaN,1,0,1,0,0,0,1,0,0,0,0,0,0,0,0,0,0,0,0,5,0,0,0,0,0,0,0,0,0,0,0,0,0,0,7,-1,0
/Users/Mac/Downloads/HospitalManagementSystem-master/Hospital Managment System/src/Receptionists/newPatient.java,Receptionists.newPatient$Anonymous14,anonymous,1,1,0,1,1,1,0,1,0,0,NaN,NaN,1,0,1,0,0,0,1,0,0,0,0,0,0,0,0,0,0,0,0,5,0,0,0,0,0,0,0,0,0,0,0,0,0,0,6,-1,0
/Users/Mac/Downloads/HospitalManagementSystem-master/Hospital Managment System/src/Receptionists/searchReceptionist.java,Receptionists.searchReceptionist,class,4,12,8,4,13,6,0,56,30,0.84920645,0,0,9,1,2,7,0,0,2,0,0,0,14,0,0,10,0,4,0,0,5,183,0,2,0,2,0,52,72,54,2,27,2,6,0,1,99,1,0
/Users/Mac/Downloads/HospitalManagementSystem-master/Hospital Managment System/src/Receptionists/newPatient.java,Receptionists.newPatient$Anonymous13,anonymous,1,1,0,1,1,1,0,1,0,0,NaN,NaN,1,0,1,0,0,0,1,0,0,0,0,0,0,0,0,0,0,0,0,5,0,0,0,0,0,0,0,0,0,0,0,0,0,0,6,-1,0
/Users/Mac/Downloads/HospitalManagementSystem-master/Hospital Managment System/src/Receptionists/newPatient.java,Receptionists.newPatient$Anonymous10,anonymous,1,1,0,1,1,1,0,1,0,0,NaN,NaN,1,0,1,0,0,0,1,0,0,0,0,0,0,0,0,0,0,0,0,5,0,0,0,0,0,0,0,0,0,0,0,0,0,0,7,-1,0
/Users/Mac/Downloads/HospitalManagementSystem-master/Hospital Managment System/src/Patient/searchPatient.java,Patient.searchPatient,class,4,12,8,4,11,6,0,56,34,0.8809525,0,0,9,1,2,7,0,0,2,0,0,0,14,0,0,10,0,4,0,0,3,156,0,1,0,1,0,38,61,37,1,24,2,6,0,1,78,1,0
/Users/Mac/Downloads/HospitalManagementSystem-master/Hospital Managment System/src/Receptionists/deleteReceptionist.java,Receptionists.deleteReceptionist$Anonymous6,anonymous,1,1,0,1,1,1,0,1,0,0,NaN,NaN,1,0,1,0,0,0,1,0,0,0,0,0,0,0,0,0,0,0,0,5,0,0,0,0,0,0,0,0,0,0,0,0,0,0,6,-1,0
/Users/Mac/Downloads/HospitalManagementSystem-master/Hospital Managment System/src/Receptionists/deleteReceptionist.java,Receptionists.deleteReceptionist$Anonymous5,anonymous,1,1,0,1,1,1,0,1,0,0,NaN,NaN,1,0,1,0,0,0,1,0,0,0,0,0,0,0,0,0,0,0,0,5,0,0,0,0,0,0,0,0,0,0,0,0,0,0,6,-1,0
/Users/Mac/Downloads/HospitalManagementSystem-master/Hospital Managment System/src/Patient/viewPatient.java,Patient.viewPatient,class,4,8,4,4,14,6,0,58,13,0.8181818,0.33333334,0.33333334,6,1,3,3,0,0,3,0,0,0,11,0,0,7,0,4,0,0,9,129,0,2,0,2,0,33,33,33,0,20,3,2,0,1,81,1,0
/Users/Mac/Downloads/HospitalManagementSystem-master/Hospital Managment System/src/Receptionists/updateReceptionist.java,Receptionists.updateReceptionist,class,4,10,6,4,11,6,0,58,20,0.8076923,0.33333334,0.33333334,8,1,3,5,0,0,3,0,0,0,26,0,0,8,0,18,0,0,8,185,0,1,0,2,12,65,56,64,1,49,2,4,0,1,100,1,0
/Users/Mac/Downloads/HospitalManagementSystem-master/Hospital Managment System/src/Main/Admin.java,Main.Admin$Anonymous1,anonymous,1,1,0,1,1,1,0,1,0,0,NaN,NaN,1,0,1,0,0,0,1,0,0,0,0,0,0,0,0,0,0,0,0,5,0,0,0,0,0,0,0,0,0,0,0,0,0,0,7,-1,0
/Users/Mac/Downloads/HospitalManagementSystem-master/Hospital Managment System/src/Main/Admin.java,Main.Admin$Anonymous2,anonymous,1,1,0,1,1,1,0,1,0,0,NaN,NaN,1,0,1,0,0,0,1,0,0,0,0,0,0,0,0,0,0,0,0,5,0,0,0,0,0,0,0,0,0,0,0,0,0,0,7,-1,0
/Users/Mac/Downloads/HospitalManagementSystem-master/Hospital Managment System/src/Main/Admin.java,Main.Admin$Anonymous3,anonymous,1,1,0,1,1,1,0,1,0,0,NaN,NaN,1,0,1,0,0,0,1,0,0,0,0,0,0,0,0,0,0,0,0,5,0,0,0,0,0,0,0,0,0,0,0,0,0,0,7,-1,0
/Users/Mac/Downloads/HospitalManagementSystem-master/Hospital Managment System/src/Patient/patientActivity.java,Patient.patientActivity$Anonymous1,anonymous,1,1,0,1,1,1,0,1,0,0,NaN,NaN,1,0,1,0,0,0,1,0,0,0,0,0,0,0,0,0,0,0,0,5,0,0,0,0,0,0,0,0,0,0,0,0,0,0,6,-1,0
/Users/Mac/Downloads/HospitalManagementSystem-master/Hospital Managment System/src/Patient/patientActivity.java,Patient.patientActivity$Anonymous3,anonymous,1,1,0,1,1,1,0,1,0,0,NaN,NaN,1,0,1,0,0,0,1,0,0,0,0,0,0,0,0,0,0,0,0,5,0,0,0,0,0,0,0,0,0,0,0,0,0,0,6,-1,0
/Users/Mac/Downloads/HospitalManagementSystem-master/Hospital Managment System/src/Patient/patientActivity.java,Patient.patientActivity$Anonymous2,anonymous,1,1,0,1,1,1,0,1,0,0,NaN,NaN,1,0,1,0,0,0,1,0,0,0,0,0,0,0,0,0,0,0,0,5,0,0,0,0,0,0,0,0,0,0,0,0,0,0,6,-1,0
/Users/Mac/Downloads/HospitalManagementSystem-master/Hospital Managment System/src/Main/Connector.java,Main.Connector,class,1,27,26,1,3,1,0,4,1,0,0,0,2,2,2,0,0,0,2,0,0,0,0,0,0,0,0,0,0,0,4,17,2,0,0,1,0,4,0,2,0,1,1,0,0,0,17,1,0
/Users/Mac/Downloads/HospitalManagementSystem-master/Hospital Managment System/src/Patient/addPatient.java,Patient.addPatient,class,4,22,18,4,25,6,0,61,188,0.9468752,0,0,20,1,2,18,0,0,2,0,0,0,32,0,0,29,0,3,0,0,7,339,0,1,2,2,0,49,155,57,0,51,3,16,0,1,108,1,0
/Users/Mac/Downloads/HospitalManagementSystem-master/Hospital Managment System/src/Doctors/updateDoctor.java,Doctors.updateDoctor$Anonymous2,anonymous,1,1,0,1,1,1,0,1,0,0,NaN,NaN,1,0,1,0,0,0,1,0,0,0,0,0,0,0,0,0,0,0,0,5,0,0,0,0,0,0,0,0,0,0,0,0,0,0,6,-1,0
/Users/Mac/Downloads/HospitalManagementSystem-master/Hospital Managment System/src/Doctors/updateDoctor.java,Doctors.updateDoctor$Anonymous1,anonymous,1,1,0,1,1,1,0,1,0,0,NaN,NaN,1,0,1,0,0,0,1,0,0,0,0,0,0,0,0,0,0,0,0,5,0,0,0,0,0,0,0,0,0,0,0,0,0,0,6,-1,0
/Users/Mac/Downloads/HospitalManagementSystem-master/Hospital Managment System/src/Main/Doctor.java,Main.Doctor,class,4,9,5,4,8,6,0,54,15,0.8333333,0,0,6,1,2,4,0,0,2,0,0,0,12,0,0,8,0,4,0,0,6,116,0,0,0,1,0,21,70,22,2,19,2,3,0,1,74,1,0
/Users/Mac/Downloads/HospitalManagementSystem-master/Hospital Managment System/src/Admins/ReceptionistManagement.java,Admins.ReceptionistManagement$Anonymous12,anonymous,1,1,0,1,1,1,0,1,0,0,NaN,NaN,1,0,1,0,0,0,1,0,0,0,0,0,0,0,0,0,0,0,0,5,0,0,0,0,0,0,0,0,0,0,0,0,0,0,6,-1,0
/Users/Mac/Downloads/HospitalManagementSystem-master/Hospital Managment System/src/Admins/doctorManagement.java,Admins.doctorManagement$Anonymous7,anonymous,1,1,0,1,1,1,0,1,0,0,NaN,NaN,1,0,1,0,0,0,1,0,0,0,0,0,0,0,0,0,0,0,0,5,0,0,0,0,0,0,0,0,0,0,0,0,0,0,6,-1,0
/Users/Mac/Downloads/HospitalManagementSystem-master/Hospital Managment System/src/Doctors/updateDoctor.java,Doctors.updateDoctor$Anonymous4,anonymous,1,1,0,1,1,1,0,1,0,0,NaN,NaN,1,0,1,0,0,0,1,0,0,0,0,0,0,0,0,0,0,0,0,5,0,0,0,0,0,0,0,0,0,0,0,0,0,0,6,-1,0
/Users/Mac/Downloads/HospitalManagementSystem-master/Hospital Managment System/src/Admins/doctorManagement.java,Admins.doctorManagement$Anonymous8,anonymous,1,1,0,1,1,1,0,1,0,0,NaN,NaN,1,0,1,0,0,0,1,0,0,0,0,0,0,0,0,0,0,0,0,5,0,0,0,0,0,0,0,0,0,0,0,0,0,0,6,-1,0
/Users/Mac/Downloads/HospitalManagementSystem-master/Hospital Managment System/src/Doctors/updateDoctor.java,Doctors.updateDoctor$Anonymous3,anonymous,1,1,0,1,1,1,0,1,0,0,NaN,NaN,1,0,1,0,0,0,1,0,0,0,0,0,0,0,0,0,0,0,0,5,0,0,0,0,0,0,0,0,0,0,0,0,0,0,7,-1,0
/Users/Mac/Downloads/HospitalManagementSystem-master/Hospital Managment System/src/Admins/ReceptionistManagement.java,Admins.ReceptionistManagement$Anonymous10,anonymous,1,1,0,1,1,1,0,1,0,0,NaN,NaN,1,0,1,0,0,0,1,0,0,0,0,0,0,0,0,0,0,0,0,5,0,0,0,0,0,0,0,0,0,0,0,0,0,0,6,-1,0
/Users/Mac/Downloads/HospitalManagementSystem-master/Hospital Managment System/src/Admins/doctorManagement.java,Admins.doctorManagement$Anonymous5,anonymous,1,1,0,1,1,1,0,1,0,0,NaN,NaN,1,0,1,0,0,0,1,0,0,0,0,0,0,0,0,0,0,0,0,5,0,0,0,0,0,0,0,0,0,0,0,0,0,0,6,-1,0
/Users/Mac/Downloads/HospitalManagementSystem-master/Hospital Managment System/src/Admins/ReceptionistManagement.java,Admins.ReceptionistManagement$Anonymous11,anonymous,1,1,0,1,1,1,0,1,0,0,NaN,NaN,1,0,1,0,0,0,1,0,0,0,0,0,0,0,0,0,0,0,0,5,0,0,0,0,0,0,0,0,0,0,0,0,0,0,6,-1,0
/Users/Mac/Downloads/HospitalManagementSystem-master/Hospital Managment System/src/Admins/doctorManagement.java,Admins.doctorManagement$Anonymous6,anonymous,1,1,0,1,1,1,0,1,0,0,NaN,NaN,1,0,1,0,0,0,1,0,0,0,0,0,0,0,0,0,0,0,0,5,0,0,0,0,0,0,0,0,0,0,0,0,0,0,6,-1,0
/Users/Mac/Downloads/HospitalManagementSystem-master/Hospital Managment System/src/Admins/doctorManagement.java,Admins.doctorManagement$Anonymous9,anonymous,1,1,0,1,1,1,0,1,0,0,NaN,NaN,1,0,1,0,0,0,1,0,0,0,0,0,0,0,0,0,0,0,0,5,0,0,0,0,0,0,0,0,0,0,0,0,0,0,6,-1,0
/Users/Mac/Downloads/HospitalManagementSystem-master/Hospital Managment System/src/Receptionists/patientManagement.java,Receptionists.patientManagement$Anonymous7,anonymous,1,1,0,1,1,1,0,1,0,0,NaN,NaN,1,0,1,0,0,0,1,0,0,0,0,0,0,0,0,0,0,0,0,5,0,0,0,0,0,0,0,0,0,0,0,0,0,0,6,-1,0
/Users/Mac/Downloads/HospitalManagementSystem-master/Hospital Managment System/src/Receptionists/newPatient.java,Receptionists.newPatient,class,4,22,18,4,25,6,0,62,188,0.9468752,0,0,20,1,2,18,0,0,2,0,0,0,32,0,0,29,0,3,0,0,7,339,0,1,2,2,0,48,152,57,0,51,3,16,0,1,112,1,0
/Users/Mac/Downloads/HospitalManagementSystem-master/Hospital Managment System/src/Admins/doctorManagement.java,Admins.doctorManagement$Anonymous3,anonymous,1,1,0,1,1,1,0,1,0,0,NaN,NaN,1,0,1,0,0,0,1,0,0,0,0,0,0,0,0,0,0,0,0,5,0,0,0,0,0,0,0,0,0,0,0,0,0,0,6,-1,0
/Users/Mac/Downloads/HospitalManagementSystem-master/Hospital Managment System/src/Receptionists/patientManagement.java,Receptionists.patientManagement$Anonymous5,anonymous,1,1,0,1,1,1,0,1,0,0,NaN,NaN,1,0,1,0,0,0,1,0,0,0,0,0,0,0,0,0,0,0,0,5,0,0,0,0,0,0,0,0,0,0,0,0,0,0,6,-1,0
/Users/Mac/Downloads/HospitalManagementSystem-master/Hospital Managment System/src/Admins/doctorManagement.java,Admins.doctorManagement$Anonymous4,anonymous,1,1,0,1,1,1,0,1,0,0,NaN,NaN,1,0,1,0,0,0,1,0,0,0,0,0,0,0,0,0,0,0,0,5,0,0,0,0,0,0,0,0,0,0,0,0,0,0,6,-1,0
/Users/Mac/Downloads/HospitalManagementSystem-master/Hospital Managment System/src/Receptionists/patientManagement.java,Receptionists.patientManagement$Anonymous6,anonymous,1,1,0,1,1,1,0,1,0,0,NaN,NaN,1,0,1,0,0,0,1,0,0,0,0,0,0,0,0,0,0,0,0,5,0,0,0,0,0,0,0,0,0,0,0,0,0,0,7,-1,0
/Users/Mac/Downloads/HospitalManagementSystem-master/Hospital Managment System/src/Admins/doctorManagement.java,Admins.doctorManagement$Anonymous1,anonymous,1,1,0,1,1,1,0,1,0,0,NaN,NaN,1,0,1,0,0,0,1,0,0,0,0,0,0,0,0,0,0,0,0,5,0,0,0,0,0,0,0,0,0,0,0,0,0,0,6,-1,0
/Users/Mac/Downloads/HospitalManagementSystem-master/Hospital Managment System/src/Receptionists/patientManagement.java,Receptionists.patientManagement$Anonymous3,anonymous,1,1,0,1,1,1,0,1,0,0,NaN,NaN,1,0,1,0,0,0,1,0,0,0,0,0,0,0,0,0,0,0,0,5,0,0,0,0,0,0,0,0,0,0,0,0,0,0,7,-1,0
/Users/Mac/Downloads/HospitalManagementSystem-master/Hospital Managment System/src/Admins/doctorManagement.java,Admins.doctorManagement$Anonymous2,anonymous,1,1,0,1,1,1,0,1,0,0,NaN,NaN,1,0,1,0,0,0,1,0,0,0,0,0,0,0,0,0,0,0,0,5,0,0,0,0,0,0,0,0,0,0,0,0,0,0,6,-1,0
/Users/Mac/Downloads/HospitalManagementSystem-master/Hospital Managment System/src/Receptionists/patientManagement.java,Receptionists.patientManagement$Anonymous4,anonymous,1,1,0,1,1,1,0,1,0,0,NaN,NaN,1,0,1,0,0,0,1,0,0,0,0,0,0,0,0,0,0,0,0,5,0,0,0,0,0,0,0,0,0,0,0,0,0,0,6,-1,0
/Users/Mac/Downloads/HospitalManagementSystem-master/Hospital Managment System/src/Receptionists/patientManagement.java,Receptionists.patientManagement$Anonymous1,anonymous,1,1,0,1,1,1,0,1,0,0,NaN,NaN,1,0,1,0,0,0,1,0,0,0,0,0,0,0,0,0,0,0,0,5,0,0,0,0,0,0,0,0,0,0,0,0,0,0,6,-1,0
/Users/Mac/Downloads/HospitalManagementSystem-master/Hospital Managment System/src/Receptionists/patientManagement.java,Receptionists.patientManagement$Anonymous2,anonymous,1,1,0,1,1,1,0,1,0,0,NaN,NaN,1,0,1,0,0,0,1,0,0,0,0,0,0,0,0,0,0,0,0,5,0,0,0,0,0,0,0,0,0,0,0,0,0,0,6,-1,0
/Users/Mac/Downloads/HospitalManagementSystem-master/Hospital Managment System/src/Main/Hospital.java,Main.Hospital,class,4,41,37,4,9,6,0,44,36,0.888889,0,0,9,1,2,7,0,0,2,0,0,0,14,0,0,14,0,0,0,0,1,170,0,0,0,0,0,19,97,27,0,27,1,6,0,1,59,1,0
/Users/Mac/Downloads/HospitalManagementSystem-master/Hospital Managment System/src/Receptionists/addReceptionist.java,Receptionists.addReceptionist$Anonymous8,anonymous,1,1,0,1,1,1,0,1,0,0,NaN,NaN,1,0,1,0,0,0,1,0,0,0,0,0,0,0,0,0,0,0,0,5,0,0,0,0,0,0,0,0,0,0,0,0,0,0,7,-1,0
/Users/Mac/Downloads/HospitalManagementSystem-master/Hospital Managment System/src/Receptionists/addReceptionist.java,Receptionists.addReceptionist$Anonymous7,anonymous,1,1,0,1,1,1,0,1,0,0,NaN,NaN,1,0,1,0,0,0,1,0,0,0,0,0,0,0,0,0,0,0,0,5,0,0,0,0,0,0,0,0,0,0,0,0,0,0,7,-1,0
/Users/Mac/Downloads/HospitalManagementSystem-master/Hospital Managment System/src/Receptionists/addReceptionist.java,Receptionists.addReceptionist$Anonymous9,anonymous,1,1,0,1,1,1,0,1,0,0,NaN,NaN,1,0,1,0,0,0,1,0,0,0,0,0,0,0,0,0,0,0,0,5,0,0,0,0,0,0,0,0,0,0,0,0,0,0,7,-1,0
/Users/Mac/Downloads/HospitalManagementSystem-master/Hospital Managment System/src/Patient/patientActivity.java,Patient.patientActivity$Anonymous9,anonymous,1,1,0,1,1,1,0,1,0,0,NaN,NaN,1,0,1,0,0,0,1,0,0,0,0,0,0,0,0,0,0,0,0,5,0,0,0,0,0,0,0,0,0,0,0,0,0,0,6,-1,0
/Users/Mac/Downloads/HospitalManagementSystem-master/Hospital Managment System/src/Receptionists/chooseDoctor.java,Receptionists.chooseDoctor$Anonymous1,anonymous,1,1,0,1,1,1,0,1,0,0,NaN,NaN,1,0,1,0,0,0,1,0,0,0,0,0,0,0,0,0,0,0,0,5,0,0,0,0,0,0,0,0,0,0,0,0,0,0,6,-1,0
/Users/Mac/Downloads/HospitalManagementSystem-master/Hospital Managment System/src/Receptionists/addReceptionist.java,Receptionists.addReceptionist$Anonymous4,anonymous,1,1,0,1,1,1,0,1,0,0,NaN,NaN,1,0,1,0,0,0,1,0,0,0,0,0,0,0,0,0,0,0,0,5,0,0,0,0,0,0,0,0,0,0,0,0,0,0,7,-1,0
/Users/Mac/Downloads/HospitalManagementSystem-master/Hospital Managment System/src/Patient/patientActivity.java,Patient.patientActivity$Anonymous8,anonymous,1,1,0,1,1,1,0,1,0,0,NaN,NaN,1,0,1,0,0,0,1,0,0,0,0,0,0,0,0,0,0,0,0,5,0,0,0,0,0,0,0,0,0,0,0,0,0,0,6,-1,0
/Users/Mac/Downloads/HospitalManagementSystem-master/Hospital Managment System/src/Receptionists/chooseDoctor.java,Receptionists.chooseDoctor$Anonymous2,anonymous,1,1,0,1,1,1,0,1,0,0,NaN,NaN,1,0,1,0,0,0,1,0,0,0,0,0,0,0,0,0,0,0,0,5,0,0,0,0,0,0,0,0,0,0,0,0,0,0,6,-1,0
/Users/Mac/Downloads/HospitalManagementSystem-master/Hospital Managment System/src/Receptionists/addReceptionist.java,Receptionists.addReceptionist$Anonymous3,anonymous,1,1,0,1,1,1,0,1,0,0,NaN,NaN,1,0,1,0,0,0,1,0,0,0,0,0,0,0,0,0,0,0,0,5,0,0,0,0,0,0,0,0,0,0,0,0,0,0,7,-1,0
/Users/Mac/Downloads/HospitalManagementSystem-master/Hospital Managment System/src/Receptionists/chooseDoctor.java,Receptionists.chooseDoctor$Anonymous3,anonymous,1,1,0,1,1,1,0,1,0,0,NaN,NaN,1,0,1,0,0,0,1,0,0,0,0,0,0,0,0,0,0,0,0,5,0,0,0,0,0,0,0,0,0,0,0,0,0,0,6,-1,0
/Users/Mac/Downloads/HospitalManagementSystem-master/Hospital Managment System/src/Receptionists/addReceptionist.java,Receptionists.addReceptionist$Anonymous6,anonymous,1,1,0,1,1,1,0,1,0,0,NaN,NaN,1,0,1,0,0,0,1,0,0,0,0,0,0,0,0,0,0,0,0,5,0,0,0,0,0,0,0,0,0,0,0,0,0,0,7,-1,0
/Users/Mac/Downloads/HospitalManagementSystem-master/Hospital Managment System/src/Receptionists/chooseDoctor.java,Receptionists.chooseDoctor$Anonymous4,anonymous,1,1,0,1,1,1,0,1,0,0,NaN,NaN,1,0,1,0,0,0,1,0,0,0,0,0,0,0,0,0,0,0,0,5,0,0,0,0,0,0,0,0,0,0,0,0,0,0,7,-1,0
/Users/Mac/Downloads/HospitalManagementSystem-master/Hospital Managment System/src/Receptionists/addReceptionist.java,Receptionists.addReceptionist$Anonymous5,anonymous,1,1,0,1,1,1,0,1,0,0,NaN,NaN,1,0,1,0,0,0,1,0,0,0,0,0,0,0,0,0,0,0,0,5,0,0,0,0,0,0,0,0,0,0,0,0,0,0,7,-1,0
/Users/Mac/Downloads/HospitalManagementSystem-master/Hospital Managment System/src/Patient/patientActivity.java,Patient.patientActivity$Anonymous5,anonymous,1,1,0,1,1,1,0,1,0,0,NaN,NaN,1,0,1,0,0,0,1,0,0,0,0,0,0,0,0,0,0,0,0,5,0,0,0,0,0,0,0,0,0,0,0,0,0,0,6,-1,0
/Users/Mac/Downloads/HospitalManagementSystem-master/Hospital Managment System/src/Patient/patientActivity.java,Patient.patientActivity$Anonymous4,anonymous,1,1,0,1,1,1,0,1,0,0,NaN,NaN,1,0,1,0,0,0,1,0,0,0,0,0,0,0,0,0,0,0,0,5,0,0,0,0,0,0,0,0,0,0,0,0,0,0,6,-1,0
/Users/Mac/Downloads/HospitalManagementSystem-master/Hospital Managment System/src/Patient/patientActivity.java,Patient.patientActivity$Anonymous7,anonymous,1,1,0,1,1,1,0,1,0,0,NaN,NaN,1,0,1,0,0,0,1,0,0,0,0,0,0,0,0,0,0,0,0,5,0,0,0,0,0,0,0,0,0,0,0,0,0,0,6,-1,0
/Users/Mac/Downloads/HospitalManagementSystem-master/Hospital Managment System/src/Receptionists/addReceptionist.java,Receptionists.addReceptionist$Anonymous2,anonymous,1,1,0,1,1,1,0,1,0,0,NaN,NaN,1,0,1,0,0,0,1,0,0,0,0,0,0,0,0,0,0,0,0,5,0,0,0,0,0,0,0,0,0,0,0,0,0,0,6,-1,0
/Users/Mac/Downloads/HospitalManagementSystem-master/Hospital Managment System/src/Patient/patientActivity.java,Patient.patientActivity$Anonymous6,anonymous,1,1,0,1,1,1,0,1,0,0,NaN,NaN,1,0,1,0,0,0,1,0,0,0,0,0,0,0,0,0,0,0,0,5,0,0,0,0,0,0,0,0,0,0,0,0,0,0,6,-1,0
/Users/Mac/Downloads/HospitalManagementSystem-master/Hospital Managment System/src/Receptionists/addReceptionist.java,Receptionists.addReceptionist$Anonymous1,anonymous,1,1,0,1,1,1,0,1,0,0,NaN,NaN,1,0,1,0,0,0,1,0,0,0,0,0,0,0,0,0,0,0,0,5,0,0,0,0,0,0,0,0,0,0,0,0,0,0,6,-1,0